date_sk,full_date,year,quarter,month_num,month_name,month_short,year_month,year_month_sort,week_num,day_num,day_name,is_weekend
20110101,2011-01-01,2011,1,1,January,Jan,2011-01,201101,52,1,Saturday,True
20110102,2011-01-02,2011,1,1,January,Jan,2011-01,201101,52,2,Sunday,True
20110103,2011-01-03,2011,1,1,January,Jan,2011-01,201101,1,3,Monday,False
20110104,2011-01-04,2011,1,1,January,Jan,2011-01,201101,1,4,Tuesday,False
20110105,2011-01-05,2011,1,1,January,Jan,2011-01,201101,1,5,Wednesday,False
20110106,2011-01-06,2011,1,1,January,Jan,2011-01,201101,1,6,Thursday,False
20110107,2011-01-07,2011,1,1,January,Jan,2011-01,201101,1,7,Friday,False
20110108,2011-01-08,2011,1,1,January,Jan,2011-01,201101,1,8,Saturday,True
20110109,2011-01-09,2011,1,1,January,Jan,2011-01,201101,1,9,Sunday,True
20110110,2011-01-10,2011,1,1,January,Jan,2011-01,201101,2,10,Monday,False
20110111,2011-01-11,2011,1,1,January,Jan,2011-01,201101,2,11,Tuesday,False
20110112,2011-01-12,2011,1,1,January,Jan,2011-01,201101,2,12,Wednesday,False
20110113,2011-01-13,2011,1,1,January,Jan,2011-01,201101,2,13,Thursday,False
20110114,2011-01-14,2011,1,1,January,Jan,2011-01,201101,2,14,Friday,False
20110115,2011-01-15,2011,1,1,January,Jan,2011-01,201101,2,15,Saturday,True
20110116,2011-01-16,2011,1,1,January,Jan,2011-01,201101,2,16,Sunday,True
20110117,2011-01-17,2011,1,1,January,Jan,2011-01,201101,3,17,Monday,False
20110118,2011-01-18,2011,1,1,January,Jan,2011-01,201101,3,18,Tuesday,False
20110119,2011-01-19,2011,1,1,January,Jan,2011-01,201101,3,19,Wednesday,False
20110120,2011-01-20,2011,1,1,January,Jan,2011-01,201101,3,20,Thursday,False
20110121,2011-01-21,2011,1,1,January,Jan,2011-01,201101,3,21,Friday,False
20110122,2011-01-22,2011,1,1,January,Jan,2011-01,201101,3,22,Saturday,True
20110123,2011-01-23,2011,1,1,January,Jan,2011-01,201101,3,23,Sunday,True
20110124,2011-01-24,2011,1,1,January,Jan,2011-01,201101,4,24,Monday,False
20110125,2011-01-25,2011,1,1,January,Jan,2011-01,201101,4,25,Tuesday,False
20110126,2011-01-26,2011,1,1,January,Jan,2011-01,201101,4,26,Wednesday,False
20110127,2011-01-27,2011,1,1,January,Jan,2011-01,201101,4,27,Thursday,False
20110128,2011-01-28,2011,1,1,January,Jan,2011-01,201101,4,28,Friday,False
20110129,2011-01-29,2011,1,1,January,Jan,2011-01,201101,4,29,Saturday,True
20110130,2011-01-30,2011,1,1,January,Jan,2011-01,201101,4,30,Sunday,True
20110131,2011-01-31,2011,1,1,January,Jan,2011-01,201101,5,31,Monday,False
20110201,2011-02-01,2011,1,2,February,Feb,2011-02,201102,5,1,Tuesday,False
20110202,2011-02-02,2011,1,2,February,Feb,2011-02,201102,5,2,Wednesday,False
20110203,2011-02-03,2011,1,2,February,Feb,2011-02,201102,5,3,Thursday,False
20110204,2011-02-04,2011,1,2,February,Feb,2011-02,201102,5,4,Friday,False
20110205,2011-02-05,2011,1,2,February,Feb,2011-02,201102,5,5,Saturday,True
20110206,2011-02-06,2011,1,2,February,Feb,2011-02,201102,5,6,Sunday,True
20110207,2011-02-07,2011,1,2,February,Feb,2011-02,201102,6,7,Monday,False
20110208,2011-02-08,2011,1,2,February,Feb,2011-02,201102,6,8,Tuesday,False
20110209,2011-02-09,2011,1,2,February,Feb,2011-02,201102,6,9,Wednesday,False
20110210,2011-02-10,2011,1,2,February,Feb,2011-02,201102,6,10,Thursday,False
20110211,2011-02-11,2011,1,2,February,Feb,2011-02,201102,6,11,Friday,False
20110212,2011-02-12,2011,1,2,February,Feb,2011-02,201102,6,12,Saturday,True
20110213,2011-02-13,2011,1,2,February,Feb,2011-02,201102,6,13,Sunday,True
20110214,2011-02-14,2011,1,2,February,Feb,2011-02,201102,7,14,Monday,False
20110215,2011-02-15,2011,1,2,February,Feb,2011-02,201102,7,15,Tuesday,False
20110216,2011-02-16,2011,1,2,February,Feb,2011-02,201102,7,16,Wednesday,False
20110217,2011-02-17,2011,1,2,February,Feb,2011-02,201102,7,17,Thursday,False
20110218,2011-02-18,2011,1,2,February,Feb,2011-02,201102,7,18,Friday,False
20110219,2011-02-19,2011,1,2,February,Feb,2011-02,201102,7,19,Saturday,True
20110220,2011-02-20,2011,1,2,February,Feb,2011-02,201102,7,20,Sunday,True
20110221,2011-02-21,2011,1,2,February,Feb,2011-02,201102,8,21,Monday,False
20110222,2011-02-22,2011,1,2,February,Feb,2011-02,201102,8,22,Tuesday,False
20110223,2011-02-23,2011,1,2,February,Feb,2011-02,201102,8,23,Wednesday,False
20110224,2011-02-24,2011,1,2,February,Feb,2011-02,201102,8,24,Thursday,False
20110225,2011-02-25,2011,1,2,February,Feb,2011-02,201102,8,25,Friday,False
20110226,2011-02-26,2011,1,2,February,Feb,2011-02,201102,8,26,Saturday,True
20110227,2011-02-27,2011,1,2,February,Feb,2011-02,201102,8,27,Sunday,True
20110228,2011-02-28,2011,1,2,February,Feb,2011-02,201102,9,28,Monday,False
20110301,2011-03-01,2011,1,3,March,Mar,2011-03,201103,9,1,Tuesday,False
20110302,2011-03-02,2011,1,3,March,Mar,2011-03,201103,9,2,Wednesday,False
20110303,2011-03-03,2011,1,3,March,Mar,2011-03,201103,9,3,Thursday,False
20110304,2011-03-04,2011,1,3,March,Mar,2011-03,201103,9,4,Friday,False
20110305,2011-03-05,2011,1,3,March,Mar,2011-03,201103,9,5,Saturday,True
20110306,2011-03-06,2011,1,3,March,Mar,2011-03,201103,9,6,Sunday,True
20110307,2011-03-07,2011,1,3,March,Mar,2011-03,201103,10,7,Monday,False
20110308,2011-03-08,2011,1,3,March,Mar,2011-03,201103,10,8,Tuesday,False
20110309,2011-03-09,2011,1,3,March,Mar,2011-03,201103,10,9,Wednesday,False
20110310,2011-03-10,2011,1,3,March,Mar,2011-03,201103,10,10,Thursday,False
20110311,2011-03-11,2011,1,3,March,Mar,2011-03,201103,10,11,Friday,False
20110312,2011-03-12,2011,1,3,March,Mar,2011-03,201103,10,12,Saturday,True
20110313,2011-03-13,2011,1,3,March,Mar,2011-03,201103,10,13,Sunday,True
20110314,2011-03-14,2011,1,3,March,Mar,2011-03,201103,11,14,Monday,False
20110315,2011-03-15,2011,1,3,March,Mar,2011-03,201103,11,15,Tuesday,False
20110316,2011-03-16,2011,1,3,March,Mar,2011-03,201103,11,16,Wednesday,False
20110317,2011-03-17,2011,1,3,March,Mar,2011-03,201103,11,17,Thursday,False
20110318,2011-03-18,2011,1,3,March,Mar,2011-03,201103,11,18,Friday,False
20110319,2011-03-19,2011,1,3,March,Mar,2011-03,201103,11,19,Saturday,True
20110320,2011-03-20,2011,1,3,March,Mar,2011-03,201103,11,20,Sunday,True
20110321,2011-03-21,2011,1,3,March,Mar,2011-03,201103,12,21,Monday,False
20110322,2011-03-22,2011,1,3,March,Mar,2011-03,201103,12,22,Tuesday,False
20110323,2011-03-23,2011,1,3,March,Mar,2011-03,201103,12,23,Wednesday,False
20110324,2011-03-24,2011,1,3,March,Mar,2011-03,201103,12,24,Thursday,False
20110325,2011-03-25,2011,1,3,March,Mar,2011-03,201103,12,25,Friday,False
20110326,2011-03-26,2011,1,3,March,Mar,2011-03,201103,12,26,Saturday,True
20110327,2011-03-27,2011,1,3,March,Mar,2011-03,201103,12,27,Sunday,True
20110328,2011-03-28,2011,1,3,March,Mar,2011-03,201103,13,28,Monday,False
20110329,2011-03-29,2011,1,3,March,Mar,2011-03,201103,13,29,Tuesday,False
20110330,2011-03-30,2011,1,3,March,Mar,2011-03,201103,13,30,Wednesday,False
20110331,2011-03-31,2011,1,3,March,Mar,2011-03,201103,13,31,Thursday,False
20110401,2011-04-01,2011,2,4,April,Apr,2011-04,201104,13,1,Friday,False
20110402,2011-04-02,2011,2,4,April,Apr,2011-04,201104,13,2,Saturday,True
20110403,2011-04-03,2011,2,4,April,Apr,2011-04,201104,13,3,Sunday,True
20110404,2011-04-04,2011,2,4,April,Apr,2011-04,201104,14,4,Monday,False
20110405,2011-04-05,2011,2,4,April,Apr,2011-04,201104,14,5,Tuesday,False
20110406,2011-04-06,2011,2,4,April,Apr,2011-04,201104,14,6,Wednesday,False
20110407,2011-04-07,2011,2,4,April,Apr,2011-04,201104,14,7,Thursday,False
20110408,2011-04-08,2011,2,4,April,Apr,2011-04,201104,14,8,Friday,False
20110409,2011-04-09,2011,2,4,April,Apr,2011-04,201104,14,9,Saturday,True
20110410,2011-04-10,2011,2,4,April,Apr,2011-04,201104,14,10,Sunday,True
20110411,2011-04-11,2011,2,4,April,Apr,2011-04,201104,15,11,Monday,False
20110412,2011-04-12,2011,2,4,April,Apr,2011-04,201104,15,12,Tuesday,False
20110413,2011-04-13,2011,2,4,April,Apr,2011-04,201104,15,13,Wednesday,False
20110414,2011-04-14,2011,2,4,April,Apr,2011-04,201104,15,14,Thursday,False
20110415,2011-04-15,2011,2,4,April,Apr,2011-04,201104,15,15,Friday,False
20110416,2011-04-16,2011,2,4,April,Apr,2011-04,201104,15,16,Saturday,True
20110417,2011-04-17,2011,2,4,April,Apr,2011-04,201104,15,17,Sunday,True
20110418,2011-04-18,2011,2,4,April,Apr,2011-04,201104,16,18,Monday,False
20110419,2011-04-19,2011,2,4,April,Apr,2011-04,201104,16,19,Tuesday,False
20110420,2011-04-20,2011,2,4,April,Apr,2011-04,201104,16,20,Wednesday,False
20110421,2011-04-21,2011,2,4,April,Apr,2011-04,201104,16,21,Thursday,False
20110422,2011-04-22,2011,2,4,April,Apr,2011-04,201104,16,22,Friday,False
20110423,2011-04-23,2011,2,4,April,Apr,2011-04,201104,16,23,Saturday,True
20110424,2011-04-24,2011,2,4,April,Apr,2011-04,201104,16,24,Sunday,True
20110425,2011-04-25,2011,2,4,April,Apr,2011-04,201104,17,25,Monday,False
20110426,2011-04-26,2011,2,4,April,Apr,2011-04,201104,17,26,Tuesday,False
20110427,2011-04-27,2011,2,4,April,Apr,2011-04,201104,17,27,Wednesday,False
20110428,2011-04-28,2011,2,4,April,Apr,2011-04,201104,17,28,Thursday,False
20110429,2011-04-29,2011,2,4,April,Apr,2011-04,201104,17,29,Friday,False
20110430,2011-04-30,2011,2,4,April,Apr,2011-04,201104,17,30,Saturday,True
20110501,2011-05-01,2011,2,5,May,May,2011-05,201105,17,1,Sunday,True
20110502,2011-05-02,2011,2,5,May,May,2011-05,201105,18,2,Monday,False
20110503,2011-05-03,2011,2,5,May,May,2011-05,201105,18,3,Tuesday,False
20110504,2011-05-04,2011,2,5,May,May,2011-05,201105,18,4,Wednesday,False
20110505,2011-05-05,2011,2,5,May,May,2011-05,201105,18,5,Thursday,False
20110506,2011-05-06,2011,2,5,May,May,2011-05,201105,18,6,Friday,False
20110507,2011-05-07,2011,2,5,May,May,2011-05,201105,18,7,Saturday,True
20110508,2011-05-08,2011,2,5,May,May,2011-05,201105,18,8,Sunday,True
20110509,2011-05-09,2011,2,5,May,May,2011-05,201105,19,9,Monday,False
20110510,2011-05-10,2011,2,5,May,May,2011-05,201105,19,10,Tuesday,False
20110511,2011-05-11,2011,2,5,May,May,2011-05,201105,19,11,Wednesday,False
20110512,2011-05-12,2011,2,5,May,May,2011-05,201105,19,12,Thursday,False
20110513,2011-05-13,2011,2,5,May,May,2011-05,201105,19,13,Friday,False
20110514,2011-05-14,2011,2,5,May,May,2011-05,201105,19,14,Saturday,True
20110515,2011-05-15,2011,2,5,May,May,2011-05,201105,19,15,Sunday,True
20110516,2011-05-16,2011,2,5,May,May,2011-05,201105,20,16,Monday,False
20110517,2011-05-17,2011,2,5,May,May,2011-05,201105,20,17,Tuesday,False
20110518,2011-05-18,2011,2,5,May,May,2011-05,201105,20,18,Wednesday,False
20110519,2011-05-19,2011,2,5,May,May,2011-05,201105,20,19,Thursday,False
20110520,2011-05-20,2011,2,5,May,May,2011-05,201105,20,20,Friday,False
20110521,2011-05-21,2011,2,5,May,May,2011-05,201105,20,21,Saturday,True
20110522,2011-05-22,2011,2,5,May,May,2011-05,201105,20,22,Sunday,True
20110523,2011-05-23,2011,2,5,May,May,2011-05,201105,21,23,Monday,False
20110524,2011-05-24,2011,2,5,May,May,2011-05,201105,21,24,Tuesday,False
20110525,2011-05-25,2011,2,5,May,May,2011-05,201105,21,25,Wednesday,False
20110526,2011-05-26,2011,2,5,May,May,2011-05,201105,21,26,Thursday,False
20110527,2011-05-27,2011,2,5,May,May,2011-05,201105,21,27,Friday,False
20110528,2011-05-28,2011,2,5,May,May,2011-05,201105,21,28,Saturday,True
20110529,2011-05-29,2011,2,5,May,May,2011-05,201105,21,29,Sunday,True
20110530,2011-05-30,2011,2,5,May,May,2011-05,201105,22,30,Monday,False
20110531,2011-05-31,2011,2,5,May,May,2011-05,201105,22,31,Tuesday,False
20110601,2011-06-01,2011,2,6,June,Jun,2011-06,201106,22,1,Wednesday,False
20110602,2011-06-02,2011,2,6,June,Jun,2011-06,201106,22,2,Thursday,False
20110603,2011-06-03,2011,2,6,June,Jun,2011-06,201106,22,3,Friday,False
20110604,2011-06-04,2011,2,6,June,Jun,2011-06,201106,22,4,Saturday,True
20110605,2011-06-05,2011,2,6,June,Jun,2011-06,201106,22,5,Sunday,True
20110606,2011-06-06,2011,2,6,June,Jun,2011-06,201106,23,6,Monday,False
20110607,2011-06-07,2011,2,6,June,Jun,2011-06,201106,23,7,Tuesday,False
20110608,2011-06-08,2011,2,6,June,Jun,2011-06,201106,23,8,Wednesday,False
20110609,2011-06-09,2011,2,6,June,Jun,2011-06,201106,23,9,Thursday,False
20110610,2011-06-10,2011,2,6,June,Jun,2011-06,201106,23,10,Friday,False
20110611,2011-06-11,2011,2,6,June,Jun,2011-06,201106,23,11,Saturday,True
20110612,2011-06-12,2011,2,6,June,Jun,2011-06,201106,23,12,Sunday,True
20110613,2011-06-13,2011,2,6,June,Jun,2011-06,201106,24,13,Monday,False
20110614,2011-06-14,2011,2,6,June,Jun,2011-06,201106,24,14,Tuesday,False
20110615,2011-06-15,2011,2,6,June,Jun,2011-06,201106,24,15,Wednesday,False
20110616,2011-06-16,2011,2,6,June,Jun,2011-06,201106,24,16,Thursday,False
20110617,2011-06-17,2011,2,6,June,Jun,2011-06,201106,24,17,Friday,False
20110618,2011-06-18,2011,2,6,June,Jun,2011-06,201106,24,18,Saturday,True
20110619,2011-06-19,2011,2,6,June,Jun,2011-06,201106,24,19,Sunday,True
20110620,2011-06-20,2011,2,6,June,Jun,2011-06,201106,25,20,Monday,False
20110621,2011-06-21,2011,2,6,June,Jun,2011-06,201106,25,21,Tuesday,False
20110622,2011-06-22,2011,2,6,June,Jun,2011-06,201106,25,22,Wednesday,False
20110623,2011-06-23,2011,2,6,June,Jun,2011-06,201106,25,23,Thursday,False
20110624,2011-06-24,2011,2,6,June,Jun,2011-06,201106,25,24,Friday,False
20110625,2011-06-25,2011,2,6,June,Jun,2011-06,201106,25,25,Saturday,True
20110626,2011-06-26,2011,2,6,June,Jun,2011-06,201106,25,26,Sunday,True
20110627,2011-06-27,2011,2,6,June,Jun,2011-06,201106,26,27,Monday,False
20110628,2011-06-28,2011,2,6,June,Jun,2011-06,201106,26,28,Tuesday,False
20110629,2011-06-29,2011,2,6,June,Jun,2011-06,201106,26,29,Wednesday,False
20110630,2011-06-30,2011,2,6,June,Jun,2011-06,201106,26,30,Thursday,False
20110701,2011-07-01,2011,3,7,July,Jul,2011-07,201107,26,1,Friday,False
20110702,2011-07-02,2011,3,7,July,Jul,2011-07,201107,26,2,Saturday,True
20110703,2011-07-03,2011,3,7,July,Jul,2011-07,201107,26,3,Sunday,True
20110704,2011-07-04,2011,3,7,July,Jul,2011-07,201107,27,4,Monday,False
20110705,2011-07-05,2011,3,7,July,Jul,2011-07,201107,27,5,Tuesday,False
20110706,2011-07-06,2011,3,7,July,Jul,2011-07,201107,27,6,Wednesday,False
20110707,2011-07-07,2011,3,7,July,Jul,2011-07,201107,27,7,Thursday,False
20110708,2011-07-08,2011,3,7,July,Jul,2011-07,201107,27,8,Friday,False
20110709,2011-07-09,2011,3,7,July,Jul,2011-07,201107,27,9,Saturday,True
20110710,2011-07-10,2011,3,7,July,Jul,2011-07,201107,27,10,Sunday,True
20110711,2011-07-11,2011,3,7,July,Jul,2011-07,201107,28,11,Monday,False
20110712,2011-07-12,2011,3,7,July,Jul,2011-07,201107,28,12,Tuesday,False
20110713,2011-07-13,2011,3,7,July,Jul,2011-07,201107,28,13,Wednesday,False
20110714,2011-07-14,2011,3,7,July,Jul,2011-07,201107,28,14,Thursday,False
20110715,2011-07-15,2011,3,7,July,Jul,2011-07,201107,28,15,Friday,False
20110716,2011-07-16,2011,3,7,July,Jul,2011-07,201107,28,16,Saturday,True
20110717,2011-07-17,2011,3,7,July,Jul,2011-07,201107,28,17,Sunday,True
20110718,2011-07-18,2011,3,7,July,Jul,2011-07,201107,29,18,Monday,False
20110719,2011-07-19,2011,3,7,July,Jul,2011-07,201107,29,19,Tuesday,False
20110720,2011-07-20,2011,3,7,July,Jul,2011-07,201107,29,20,Wednesday,False
20110721,2011-07-21,2011,3,7,July,Jul,2011-07,201107,29,21,Thursday,False
20110722,2011-07-22,2011,3,7,July,Jul,2011-07,201107,29,22,Friday,False
20110723,2011-07-23,2011,3,7,July,Jul,2011-07,201107,29,23,Saturday,True
20110724,2011-07-24,2011,3,7,July,Jul,2011-07,201107,29,24,Sunday,True
20110725,2011-07-25,2011,3,7,July,Jul,2011-07,201107,30,25,Monday,False
20110726,2011-07-26,2011,3,7,July,Jul,2011-07,201107,30,26,Tuesday,False
20110727,2011-07-27,2011,3,7,July,Jul,2011-07,201107,30,27,Wednesday,False
20110728,2011-07-28,2011,3,7,July,Jul,2011-07,201107,30,28,Thursday,False
20110729,2011-07-29,2011,3,7,July,Jul,2011-07,201107,30,29,Friday,False
20110730,2011-07-30,2011,3,7,July,Jul,2011-07,201107,30,30,Saturday,True
20110731,2011-07-31,2011,3,7,July,Jul,2011-07,201107,30,31,Sunday,True
20110801,2011-08-01,2011,3,8,August,Aug,2011-08,201108,31,1,Monday,False
20110802,2011-08-02,2011,3,8,August,Aug,2011-08,201108,31,2,Tuesday,False
20110803,2011-08-03,2011,3,8,August,Aug,2011-08,201108,31,3,Wednesday,False
20110804,2011-08-04,2011,3,8,August,Aug,2011-08,201108,31,4,Thursday,False
20110805,2011-08-05,2011,3,8,August,Aug,2011-08,201108,31,5,Friday,False
20110806,2011-08-06,2011,3,8,August,Aug,2011-08,201108,31,6,Saturday,True
20110807,2011-08-07,2011,3,8,August,Aug,2011-08,201108,31,7,Sunday,True
20110808,2011-08-08,2011,3,8,August,Aug,2011-08,201108,32,8,Monday,False
20110809,2011-08-09,2011,3,8,August,Aug,2011-08,201108,32,9,Tuesday,False
20110810,2011-08-10,2011,3,8,August,Aug,2011-08,201108,32,10,Wednesday,False
20110811,2011-08-11,2011,3,8,August,Aug,2011-08,201108,32,11,Thursday,False
20110812,2011-08-12,2011,3,8,August,Aug,2011-08,201108,32,12,Friday,False
20110813,2011-08-13,2011,3,8,August,Aug,2011-08,201108,32,13,Saturday,True
20110814,2011-08-14,2011,3,8,August,Aug,2011-08,201108,32,14,Sunday,True
20110815,2011-08-15,2011,3,8,August,Aug,2011-08,201108,33,15,Monday,False
20110816,2011-08-16,2011,3,8,August,Aug,2011-08,201108,33,16,Tuesday,False
20110817,2011-08-17,2011,3,8,August,Aug,2011-08,201108,33,17,Wednesday,False
20110818,2011-08-18,2011,3,8,August,Aug,2011-08,201108,33,18,Thursday,False
20110819,2011-08-19,2011,3,8,August,Aug,2011-08,201108,33,19,Friday,False
20110820,2011-08-20,2011,3,8,August,Aug,2011-08,201108,33,20,Saturday,True
20110821,2011-08-21,2011,3,8,August,Aug,2011-08,201108,33,21,Sunday,True
20110822,2011-08-22,2011,3,8,August,Aug,2011-08,201108,34,22,Monday,False
20110823,2011-08-23,2011,3,8,August,Aug,2011-08,201108,34,23,Tuesday,False
20110824,2011-08-24,2011,3,8,August,Aug,2011-08,201108,34,24,Wednesday,False
20110825,2011-08-25,2011,3,8,August,Aug,2011-08,201108,34,25,Thursday,False
20110826,2011-08-26,2011,3,8,August,Aug,2011-08,201108,34,26,Friday,False
20110827,2011-08-27,2011,3,8,August,Aug,2011-08,201108,34,27,Saturday,True
20110828,2011-08-28,2011,3,8,August,Aug,2011-08,201108,34,28,Sunday,True
20110829,2011-08-29,2011,3,8,August,Aug,2011-08,201108,35,29,Monday,False
20110830,2011-08-30,2011,3,8,August,Aug,2011-08,201108,35,30,Tuesday,False
20110831,2011-08-31,2011,3,8,August,Aug,2011-08,201108,35,31,Wednesday,False
20110901,2011-09-01,2011,3,9,September,Sep,2011-09,201109,35,1,Thursday,False
20110902,2011-09-02,2011,3,9,September,Sep,2011-09,201109,35,2,Friday,False
20110903,2011-09-03,2011,3,9,September,Sep,2011-09,201109,35,3,Saturday,True
20110904,2011-09-04,2011,3,9,September,Sep,2011-09,201109,35,4,Sunday,True
20110905,2011-09-05,2011,3,9,September,Sep,2011-09,201109,36,5,Monday,False
20110906,2011-09-06,2011,3,9,September,Sep,2011-09,201109,36,6,Tuesday,False
20110907,2011-09-07,2011,3,9,September,Sep,2011-09,201109,36,7,Wednesday,False
20110908,2011-09-08,2011,3,9,September,Sep,2011-09,201109,36,8,Thursday,False
20110909,2011-09-09,2011,3,9,September,Sep,2011-09,201109,36,9,Friday,False
20110910,2011-09-10,2011,3,9,September,Sep,2011-09,201109,36,10,Saturday,True
20110911,2011-09-11,2011,3,9,September,Sep,2011-09,201109,36,11,Sunday,True
20110912,2011-09-12,2011,3,9,September,Sep,2011-09,201109,37,12,Monday,False
20110913,2011-09-13,2011,3,9,September,Sep,2011-09,201109,37,13,Tuesday,False
20110914,2011-09-14,2011,3,9,September,Sep,2011-09,201109,37,14,Wednesday,False
20110915,2011-09-15,2011,3,9,September,Sep,2011-09,201109,37,15,Thursday,False
20110916,2011-09-16,2011,3,9,September,Sep,2011-09,201109,37,16,Friday,False
20110917,2011-09-17,2011,3,9,September,Sep,2011-09,201109,37,17,Saturday,True
20110918,2011-09-18,2011,3,9,September,Sep,2011-09,201109,37,18,Sunday,True
20110919,2011-09-19,2011,3,9,September,Sep,2011-09,201109,38,19,Monday,False
20110920,2011-09-20,2011,3,9,September,Sep,2011-09,201109,38,20,Tuesday,False
20110921,2011-09-21,2011,3,9,September,Sep,2011-09,201109,38,21,Wednesday,False
20110922,2011-09-22,2011,3,9,September,Sep,2011-09,201109,38,22,Thursday,False
20110923,2011-09-23,2011,3,9,September,Sep,2011-09,201109,38,23,Friday,False
20110924,2011-09-24,2011,3,9,September,Sep,2011-09,201109,38,24,Saturday,True
20110925,2011-09-25,2011,3,9,September,Sep,2011-09,201109,38,25,Sunday,True
20110926,2011-09-26,2011,3,9,September,Sep,2011-09,201109,39,26,Monday,False
20110927,2011-09-27,2011,3,9,September,Sep,2011-09,201109,39,27,Tuesday,False
20110928,2011-09-28,2011,3,9,September,Sep,2011-09,201109,39,28,Wednesday,False
20110929,2011-09-29,2011,3,9,September,Sep,2011-09,201109,39,29,Thursday,False
20110930,2011-09-30,2011,3,9,September,Sep,2011-09,201109,39,30,Friday,False
20111001,2011-10-01,2011,4,10,October,Oct,2011-10,201110,39,1,Saturday,True
20111002,2011-10-02,2011,4,10,October,Oct,2011-10,201110,39,2,Sunday,True
20111003,2011-10-03,2011,4,10,October,Oct,2011-10,201110,40,3,Monday,False
20111004,2011-10-04,2011,4,10,October,Oct,2011-10,201110,40,4,Tuesday,False
20111005,2011-10-05,2011,4,10,October,Oct,2011-10,201110,40,5,Wednesday,False
20111006,2011-10-06,2011,4,10,October,Oct,2011-10,201110,40,6,Thursday,False
20111007,2011-10-07,2011,4,10,October,Oct,2011-10,201110,40,7,Friday,False
20111008,2011-10-08,2011,4,10,October,Oct,2011-10,201110,40,8,Saturday,True
20111009,2011-10-09,2011,4,10,October,Oct,2011-10,201110,40,9,Sunday,True
20111010,2011-10-10,2011,4,10,October,Oct,2011-10,201110,41,10,Monday,False
20111011,2011-10-11,2011,4,10,October,Oct,2011-10,201110,41,11,Tuesday,False
20111012,2011-10-12,2011,4,10,October,Oct,2011-10,201110,41,12,Wednesday,False
20111013,2011-10-13,2011,4,10,October,Oct,2011-10,201110,41,13,Thursday,False
20111014,2011-10-14,2011,4,10,October,Oct,2011-10,201110,41,14,Friday,False
20111015,2011-10-15,2011,4,10,October,Oct,2011-10,201110,41,15,Saturday,True
20111016,2011-10-16,2011,4,10,October,Oct,2011-10,201110,41,16,Sunday,True
20111017,2011-10-17,2011,4,10,October,Oct,2011-10,201110,42,17,Monday,False
20111018,2011-10-18,2011,4,10,October,Oct,2011-10,201110,42,18,Tuesday,False
20111019,2011-10-19,2011,4,10,October,Oct,2011-10,201110,42,19,Wednesday,False
20111020,2011-10-20,2011,4,10,October,Oct,2011-10,201110,42,20,Thursday,False
20111021,2011-10-21,2011,4,10,October,Oct,2011-10,201110,42,21,Friday,False
20111022,2011-10-22,2011,4,10,October,Oct,2011-10,201110,42,22,Saturday,True
20111023,2011-10-23,2011,4,10,October,Oct,2011-10,201110,42,23,Sunday,True
20111024,2011-10-24,2011,4,10,October,Oct,2011-10,201110,43,24,Monday,False
20111025,2011-10-25,2011,4,10,October,Oct,2011-10,201110,43,25,Tuesday,False
20111026,2011-10-26,2011,4,10,October,Oct,2011-10,201110,43,26,Wednesday,False
20111027,2011-10-27,2011,4,10,October,Oct,2011-10,201110,43,27,Thursday,False
20111028,2011-10-28,2011,4,10,October,Oct,2011-10,201110,43,28,Friday,False
20111029,2011-10-29,2011,4,10,October,Oct,2011-10,201110,43,29,Saturday,True
20111030,2011-10-30,2011,4,10,October,Oct,2011-10,201110,43,30,Sunday,True
20111031,2011-10-31,2011,4,10,October,Oct,2011-10,201110,44,31,Monday,False
20111101,2011-11-01,2011,4,11,November,Nov,2011-11,201111,44,1,Tuesday,False
20111102,2011-11-02,2011,4,11,November,Nov,2011-11,201111,44,2,Wednesday,False
20111103,2011-11-03,2011,4,11,November,Nov,2011-11,201111,44,3,Thursday,False
20111104,2011-11-04,2011,4,11,November,Nov,2011-11,201111,44,4,Friday,False
20111105,2011-11-05,2011,4,11,November,Nov,2011-11,201111,44,5,Saturday,True
20111106,2011-11-06,2011,4,11,November,Nov,2011-11,201111,44,6,Sunday,True
20111107,2011-11-07,2011,4,11,November,Nov,2011-11,201111,45,7,Monday,False
20111108,2011-11-08,2011,4,11,November,Nov,2011-11,201111,45,8,Tuesday,False
20111109,2011-11-09,2011,4,11,November,Nov,2011-11,201111,45,9,Wednesday,False
20111110,2011-11-10,2011,4,11,November,Nov,2011-11,201111,45,10,Thursday,False
20111111,2011-11-11,2011,4,11,November,Nov,2011-11,201111,45,11,Friday,False
20111112,2011-11-12,2011,4,11,November,Nov,2011-11,201111,45,12,Saturday,True
20111113,2011-11-13,2011,4,11,November,Nov,2011-11,201111,45,13,Sunday,True
20111114,2011-11-14,2011,4,11,November,Nov,2011-11,201111,46,14,Monday,False
20111115,2011-11-15,2011,4,11,November,Nov,2011-11,201111,46,15,Tuesday,False
20111116,2011-11-16,2011,4,11,November,Nov,2011-11,201111,46,16,Wednesday,False
20111117,2011-11-17,2011,4,11,November,Nov,2011-11,201111,46,17,Thursday,False
20111118,2011-11-18,2011,4,11,November,Nov,2011-11,201111,46,18,Friday,False
20111119,2011-11-19,2011,4,11,November,Nov,2011-11,201111,46,19,Saturday,True
20111120,2011-11-20,2011,4,11,November,Nov,2011-11,201111,46,20,Sunday,True
20111121,2011-11-21,2011,4,11,November,Nov,2011-11,201111,47,21,Monday,False
20111122,2011-11-22,2011,4,11,November,Nov,2011-11,201111,47,22,Tuesday,False
20111123,2011-11-23,2011,4,11,November,Nov,2011-11,201111,47,23,Wednesday,False
20111124,2011-11-24,2011,4,11,November,Nov,2011-11,201111,47,24,Thursday,False
20111125,2011-11-25,2011,4,11,November,Nov,2011-11,201111,47,25,Friday,False
20111126,2011-11-26,2011,4,11,November,Nov,2011-11,201111,47,26,Saturday,True
20111127,2011-11-27,2011,4,11,November,Nov,2011-11,201111,47,27,Sunday,True
20111128,2011-11-28,2011,4,11,November,Nov,2011-11,201111,48,28,Monday,False
20111129,2011-11-29,2011,4,11,November,Nov,2011-11,201111,48,29,Tuesday,False
20111130,2011-11-30,2011,4,11,November,Nov,2011-11,201111,48,30,Wednesday,False
20111201,2011-12-01,2011,4,12,December,Dec,2011-12,201112,48,1,Thursday,False
20111202,2011-12-02,2011,4,12,December,Dec,2011-12,201112,48,2,Friday,False
20111203,2011-12-03,2011,4,12,December,Dec,2011-12,201112,48,3,Saturday,True
20111204,2011-12-04,2011,4,12,December,Dec,2011-12,201112,48,4,Sunday,True
20111205,2011-12-05,2011,4,12,December,Dec,2011-12,201112,49,5,Monday,False
20111206,2011-12-06,2011,4,12,December,Dec,2011-12,201112,49,6,Tuesday,False
20111207,2011-12-07,2011,4,12,December,Dec,2011-12,201112,49,7,Wednesday,False
20111208,2011-12-08,2011,4,12,December,Dec,2011-12,201112,49,8,Thursday,False
20111209,2011-12-09,2011,4,12,December,Dec,2011-12,201112,49,9,Friday,False
20111210,2011-12-10,2011,4,12,December,Dec,2011-12,201112,49,10,Saturday,True
20111211,2011-12-11,2011,4,12,December,Dec,2011-12,201112,49,11,Sunday,True
20111212,2011-12-12,2011,4,12,December,Dec,2011-12,201112,50,12,Monday,False
20111213,2011-12-13,2011,4,12,December,Dec,2011-12,201112,50,13,Tuesday,False
20111214,2011-12-14,2011,4,12,December,Dec,2011-12,201112,50,14,Wednesday,False
20111215,2011-12-15,2011,4,12,December,Dec,2011-12,201112,50,15,Thursday,False
20111216,2011-12-16,2011,4,12,December,Dec,2011-12,201112,50,16,Friday,False
20111217,2011-12-17,2011,4,12,December,Dec,2011-12,201112,50,17,Saturday,True
20111218,2011-12-18,2011,4,12,December,Dec,2011-12,201112,50,18,Sunday,True
20111219,2011-12-19,2011,4,12,December,Dec,2011-12,201112,51,19,Monday,False
20111220,2011-12-20,2011,4,12,December,Dec,2011-12,201112,51,20,Tuesday,False
20111221,2011-12-21,2011,4,12,December,Dec,2011-12,201112,51,21,Wednesday,False
20111222,2011-12-22,2011,4,12,December,Dec,2011-12,201112,51,22,Thursday,False
20111223,2011-12-23,2011,4,12,December,Dec,2011-12,201112,51,23,Friday,False
20111224,2011-12-24,2011,4,12,December,Dec,2011-12,201112,51,24,Saturday,True
20111225,2011-12-25,2011,4,12,December,Dec,2011-12,201112,51,25,Sunday,True
20111226,2011-12-26,2011,4,12,December,Dec,2011-12,201112,52,26,Monday,False
20111227,2011-12-27,2011,4,12,December,Dec,2011-12,201112,52,27,Tuesday,False
20111228,2011-12-28,2011,4,12,December,Dec,2011-12,201112,52,28,Wednesday,False
20111229,2011-12-29,2011,4,12,December,Dec,2011-12,201112,52,29,Thursday,False
20111230,2011-12-30,2011,4,12,December,Dec,2011-12,201112,52,30,Friday,False
20111231,2011-12-31,2011,4,12,December,Dec,2011-12,201112,52,31,Saturday,True
20120101,2012-01-01,2012,1,1,January,Jan,2012-01,201201,52,1,Sunday,True
20120102,2012-01-02,2012,1,1,January,Jan,2012-01,201201,1,2,Monday,False
20120103,2012-01-03,2012,1,1,January,Jan,2012-01,201201,1,3,Tuesday,False
20120104,2012-01-04,2012,1,1,January,Jan,2012-01,201201,1,4,Wednesday,False
20120105,2012-01-05,2012,1,1,January,Jan,2012-01,201201,1,5,Thursday,False
20120106,2012-01-06,2012,1,1,January,Jan,2012-01,201201,1,6,Friday,False
20120107,2012-01-07,2012,1,1,January,Jan,2012-01,201201,1,7,Saturday,True
20120108,2012-01-08,2012,1,1,January,Jan,2012-01,201201,1,8,Sunday,True
20120109,2012-01-09,2012,1,1,January,Jan,2012-01,201201,2,9,Monday,False
20120110,2012-01-10,2012,1,1,January,Jan,2012-01,201201,2,10,Tuesday,False
20120111,2012-01-11,2012,1,1,January,Jan,2012-01,201201,2,11,Wednesday,False
20120112,2012-01-12,2012,1,1,January,Jan,2012-01,201201,2,12,Thursday,False
20120113,2012-01-13,2012,1,1,January,Jan,2012-01,201201,2,13,Friday,False
20120114,2012-01-14,2012,1,1,January,Jan,2012-01,201201,2,14,Saturday,True
20120115,2012-01-15,2012,1,1,January,Jan,2012-01,201201,2,15,Sunday,True
20120116,2012-01-16,2012,1,1,January,Jan,2012-01,201201,3,16,Monday,False
20120117,2012-01-17,2012,1,1,January,Jan,2012-01,201201,3,17,Tuesday,False
20120118,2012-01-18,2012,1,1,January,Jan,2012-01,201201,3,18,Wednesday,False
20120119,2012-01-19,2012,1,1,January,Jan,2012-01,201201,3,19,Thursday,False
20120120,2012-01-20,2012,1,1,January,Jan,2012-01,201201,3,20,Friday,False
20120121,2012-01-21,2012,1,1,January,Jan,2012-01,201201,3,21,Saturday,True
20120122,2012-01-22,2012,1,1,January,Jan,2012-01,201201,3,22,Sunday,True
20120123,2012-01-23,2012,1,1,January,Jan,2012-01,201201,4,23,Monday,False
20120124,2012-01-24,2012,1,1,January,Jan,2012-01,201201,4,24,Tuesday,False
20120125,2012-01-25,2012,1,1,January,Jan,2012-01,201201,4,25,Wednesday,False
20120126,2012-01-26,2012,1,1,January,Jan,2012-01,201201,4,26,Thursday,False
20120127,2012-01-27,2012,1,1,January,Jan,2012-01,201201,4,27,Friday,False
20120128,2012-01-28,2012,1,1,January,Jan,2012-01,201201,4,28,Saturday,True
20120129,2012-01-29,2012,1,1,January,Jan,2012-01,201201,4,29,Sunday,True
20120130,2012-01-30,2012,1,1,January,Jan,2012-01,201201,5,30,Monday,False
20120131,2012-01-31,2012,1,1,January,Jan,2012-01,201201,5,31,Tuesday,False
20120201,2012-02-01,2012,1,2,February,Feb,2012-02,201202,5,1,Wednesday,False
20120202,2012-02-02,2012,1,2,February,Feb,2012-02,201202,5,2,Thursday,False
20120203,2012-02-03,2012,1,2,February,Feb,2012-02,201202,5,3,Friday,False
20120204,2012-02-04,2012,1,2,February,Feb,2012-02,201202,5,4,Saturday,True
20120205,2012-02-05,2012,1,2,February,Feb,2012-02,201202,5,5,Sunday,True
20120206,2012-02-06,2012,1,2,February,Feb,2012-02,201202,6,6,Monday,False
20120207,2012-02-07,2012,1,2,February,Feb,2012-02,201202,6,7,Tuesday,False
20120208,2012-02-08,2012,1,2,February,Feb,2012-02,201202,6,8,Wednesday,False
20120209,2012-02-09,2012,1,2,February,Feb,2012-02,201202,6,9,Thursday,False
20120210,2012-02-10,2012,1,2,February,Feb,2012-02,201202,6,10,Friday,False
20120211,2012-02-11,2012,1,2,February,Feb,2012-02,201202,6,11,Saturday,True
20120212,2012-02-12,2012,1,2,February,Feb,2012-02,201202,6,12,Sunday,True
20120213,2012-02-13,2012,1,2,February,Feb,2012-02,201202,7,13,Monday,False
20120214,2012-02-14,2012,1,2,February,Feb,2012-02,201202,7,14,Tuesday,False
20120215,2012-02-15,2012,1,2,February,Feb,2012-02,201202,7,15,Wednesday,False
20120216,2012-02-16,2012,1,2,February,Feb,2012-02,201202,7,16,Thursday,False
20120217,2012-02-17,2012,1,2,February,Feb,2012-02,201202,7,17,Friday,False
20120218,2012-02-18,2012,1,2,February,Feb,2012-02,201202,7,18,Saturday,True
20120219,2012-02-19,2012,1,2,February,Feb,2012-02,201202,7,19,Sunday,True
20120220,2012-02-20,2012,1,2,February,Feb,2012-02,201202,8,20,Monday,False
20120221,2012-02-21,2012,1,2,February,Feb,2012-02,201202,8,21,Tuesday,False
20120222,2012-02-22,2012,1,2,February,Feb,2012-02,201202,8,22,Wednesday,False
20120223,2012-02-23,2012,1,2,February,Feb,2012-02,201202,8,23,Thursday,False
20120224,2012-02-24,2012,1,2,February,Feb,2012-02,201202,8,24,Friday,False
20120225,2012-02-25,2012,1,2,February,Feb,2012-02,201202,8,25,Saturday,True
20120226,2012-02-26,2012,1,2,February,Feb,2012-02,201202,8,26,Sunday,True
20120227,2012-02-27,2012,1,2,February,Feb,2012-02,201202,9,27,Monday,False
20120228,2012-02-28,2012,1,2,February,Feb,2012-02,201202,9,28,Tuesday,False
20120229,2012-02-29,2012,1,2,February,Feb,2012-02,201202,9,29,Wednesday,False
20120301,2012-03-01,2012,1,3,March,Mar,2012-03,201203,9,1,Thursday,False
20120302,2012-03-02,2012,1,3,March,Mar,2012-03,201203,9,2,Friday,False
20120303,2012-03-03,2012,1,3,March,Mar,2012-03,201203,9,3,Saturday,True
20120304,2012-03-04,2012,1,3,March,Mar,2012-03,201203,9,4,Sunday,True
20120305,2012-03-05,2012,1,3,March,Mar,2012-03,201203,10,5,Monday,False
20120306,2012-03-06,2012,1,3,March,Mar,2012-03,201203,10,6,Tuesday,False
20120307,2012-03-07,2012,1,3,March,Mar,2012-03,201203,10,7,Wednesday,False
20120308,2012-03-08,2012,1,3,March,Mar,2012-03,201203,10,8,Thursday,False
20120309,2012-03-09,2012,1,3,March,Mar,2012-03,201203,10,9,Friday,False
20120310,2012-03-10,2012,1,3,March,Mar,2012-03,201203,10,10,Saturday,True
20120311,2012-03-11,2012,1,3,March,Mar,2012-03,201203,10,11,Sunday,True
20120312,2012-03-12,2012,1,3,March,Mar,2012-03,201203,11,12,Monday,False
20120313,2012-03-13,2012,1,3,March,Mar,2012-03,201203,11,13,Tuesday,False
20120314,2012-03-14,2012,1,3,March,Mar,2012-03,201203,11,14,Wednesday,False
20120315,2012-03-15,2012,1,3,March,Mar,2012-03,201203,11,15,Thursday,False
20120316,2012-03-16,2012,1,3,March,Mar,2012-03,201203,11,16,Friday,False
20120317,2012-03-17,2012,1,3,March,Mar,2012-03,201203,11,17,Saturday,True
20120318,2012-03-18,2012,1,3,March,Mar,2012-03,201203,11,18,Sunday,True
20120319,2012-03-19,2012,1,3,March,Mar,2012-03,201203,12,19,Monday,False
20120320,2012-03-20,2012,1,3,March,Mar,2012-03,201203,12,20,Tuesday,False
20120321,2012-03-21,2012,1,3,March,Mar,2012-03,201203,12,21,Wednesday,False
20120322,2012-03-22,2012,1,3,March,Mar,2012-03,201203,12,22,Thursday,False
20120323,2012-03-23,2012,1,3,March,Mar,2012-03,201203,12,23,Friday,False
20120324,2012-03-24,2012,1,3,March,Mar,2012-03,201203,12,24,Saturday,True
20120325,2012-03-25,2012,1,3,March,Mar,2012-03,201203,12,25,Sunday,True
20120326,2012-03-26,2012,1,3,March,Mar,2012-03,201203,13,26,Monday,False
20120327,2012-03-27,2012,1,3,March,Mar,2012-03,201203,13,27,Tuesday,False
20120328,2012-03-28,2012,1,3,March,Mar,2012-03,201203,13,28,Wednesday,False
20120329,2012-03-29,2012,1,3,March,Mar,2012-03,201203,13,29,Thursday,False
20120330,2012-03-30,2012,1,3,March,Mar,2012-03,201203,13,30,Friday,False
20120331,2012-03-31,2012,1,3,March,Mar,2012-03,201203,13,31,Saturday,True
20120401,2012-04-01,2012,2,4,April,Apr,2012-04,201204,13,1,Sunday,True
20120402,2012-04-02,2012,2,4,April,Apr,2012-04,201204,14,2,Monday,False
20120403,2012-04-03,2012,2,4,April,Apr,2012-04,201204,14,3,Tuesday,False
20120404,2012-04-04,2012,2,4,April,Apr,2012-04,201204,14,4,Wednesday,False
20120405,2012-04-05,2012,2,4,April,Apr,2012-04,201204,14,5,Thursday,False
20120406,2012-04-06,2012,2,4,April,Apr,2012-04,201204,14,6,Friday,False
20120407,2012-04-07,2012,2,4,April,Apr,2012-04,201204,14,7,Saturday,True
20120408,2012-04-08,2012,2,4,April,Apr,2012-04,201204,14,8,Sunday,True
20120409,2012-04-09,2012,2,4,April,Apr,2012-04,201204,15,9,Monday,False
20120410,2012-04-10,2012,2,4,April,Apr,2012-04,201204,15,10,Tuesday,False
20120411,2012-04-11,2012,2,4,April,Apr,2012-04,201204,15,11,Wednesday,False
20120412,2012-04-12,2012,2,4,April,Apr,2012-04,201204,15,12,Thursday,False
20120413,2012-04-13,2012,2,4,April,Apr,2012-04,201204,15,13,Friday,False
20120414,2012-04-14,2012,2,4,April,Apr,2012-04,201204,15,14,Saturday,True
20120415,2012-04-15,2012,2,4,April,Apr,2012-04,201204,15,15,Sunday,True
20120416,2012-04-16,2012,2,4,April,Apr,2012-04,201204,16,16,Monday,False
20120417,2012-04-17,2012,2,4,April,Apr,2012-04,201204,16,17,Tuesday,False
20120418,2012-04-18,2012,2,4,April,Apr,2012-04,201204,16,18,Wednesday,False
20120419,2012-04-19,2012,2,4,April,Apr,2012-04,201204,16,19,Thursday,False
20120420,2012-04-20,2012,2,4,April,Apr,2012-04,201204,16,20,Friday,False
20120421,2012-04-21,2012,2,4,April,Apr,2012-04,201204,16,21,Saturday,True
20120422,2012-04-22,2012,2,4,April,Apr,2012-04,201204,16,22,Sunday,True
20120423,2012-04-23,2012,2,4,April,Apr,2012-04,201204,17,23,Monday,False
20120424,2012-04-24,2012,2,4,April,Apr,2012-04,201204,17,24,Tuesday,False
20120425,2012-04-25,2012,2,4,April,Apr,2012-04,201204,17,25,Wednesday,False
20120426,2012-04-26,2012,2,4,April,Apr,2012-04,201204,17,26,Thursday,False
20120427,2012-04-27,2012,2,4,April,Apr,2012-04,201204,17,27,Friday,False
20120428,2012-04-28,2012,2,4,April,Apr,2012-04,201204,17,28,Saturday,True
20120429,2012-04-29,2012,2,4,April,Apr,2012-04,201204,17,29,Sunday,True
20120430,2012-04-30,2012,2,4,April,Apr,2012-04,201204,18,30,Monday,False
20120501,2012-05-01,2012,2,5,May,May,2012-05,201205,18,1,Tuesday,False
20120502,2012-05-02,2012,2,5,May,May,2012-05,201205,18,2,Wednesday,False
20120503,2012-05-03,2012,2,5,May,May,2012-05,201205,18,3,Thursday,False
20120504,2012-05-04,2012,2,5,May,May,2012-05,201205,18,4,Friday,False
20120505,2012-05-05,2012,2,5,May,May,2012-05,201205,18,5,Saturday,True
20120506,2012-05-06,2012,2,5,May,May,2012-05,201205,18,6,Sunday,True
20120507,2012-05-07,2012,2,5,May,May,2012-05,201205,19,7,Monday,False
20120508,2012-05-08,2012,2,5,May,May,2012-05,201205,19,8,Tuesday,False
20120509,2012-05-09,2012,2,5,May,May,2012-05,201205,19,9,Wednesday,False
20120510,2012-05-10,2012,2,5,May,May,2012-05,201205,19,10,Thursday,False
20120511,2012-05-11,2012,2,5,May,May,2012-05,201205,19,11,Friday,False
20120512,2012-05-12,2012,2,5,May,May,2012-05,201205,19,12,Saturday,True
20120513,2012-05-13,2012,2,5,May,May,2012-05,201205,19,13,Sunday,True
20120514,2012-05-14,2012,2,5,May,May,2012-05,201205,20,14,Monday,False
20120515,2012-05-15,2012,2,5,May,May,2012-05,201205,20,15,Tuesday,False
20120516,2012-05-16,2012,2,5,May,May,2012-05,201205,20,16,Wednesday,False
20120517,2012-05-17,2012,2,5,May,May,2012-05,201205,20,17,Thursday,False
20120518,2012-05-18,2012,2,5,May,May,2012-05,201205,20,18,Friday,False
20120519,2012-05-19,2012,2,5,May,May,2012-05,201205,20,19,Saturday,True
20120520,2012-05-20,2012,2,5,May,May,2012-05,201205,20,20,Sunday,True
20120521,2012-05-21,2012,2,5,May,May,2012-05,201205,21,21,Monday,False
20120522,2012-05-22,2012,2,5,May,May,2012-05,201205,21,22,Tuesday,False
20120523,2012-05-23,2012,2,5,May,May,2012-05,201205,21,23,Wednesday,False
20120524,2012-05-24,2012,2,5,May,May,2012-05,201205,21,24,Thursday,False
20120525,2012-05-25,2012,2,5,May,May,2012-05,201205,21,25,Friday,False
20120526,2012-05-26,2012,2,5,May,May,2012-05,201205,21,26,Saturday,True
20120527,2012-05-27,2012,2,5,May,May,2012-05,201205,21,27,Sunday,True
20120528,2012-05-28,2012,2,5,May,May,2012-05,201205,22,28,Monday,False
20120529,2012-05-29,2012,2,5,May,May,2012-05,201205,22,29,Tuesday,False
20120530,2012-05-30,2012,2,5,May,May,2012-05,201205,22,30,Wednesday,False
20120531,2012-05-31,2012,2,5,May,May,2012-05,201205,22,31,Thursday,False
20120601,2012-06-01,2012,2,6,June,Jun,2012-06,201206,22,1,Friday,False
20120602,2012-06-02,2012,2,6,June,Jun,2012-06,201206,22,2,Saturday,True
20120603,2012-06-03,2012,2,6,June,Jun,2012-06,201206,22,3,Sunday,True
20120604,2012-06-04,2012,2,6,June,Jun,2012-06,201206,23,4,Monday,False
20120605,2012-06-05,2012,2,6,June,Jun,2012-06,201206,23,5,Tuesday,False
20120606,2012-06-06,2012,2,6,June,Jun,2012-06,201206,23,6,Wednesday,False
20120607,2012-06-07,2012,2,6,June,Jun,2012-06,201206,23,7,Thursday,False
20120608,2012-06-08,2012,2,6,June,Jun,2012-06,201206,23,8,Friday,False
20120609,2012-06-09,2012,2,6,June,Jun,2012-06,201206,23,9,Saturday,True
20120610,2012-06-10,2012,2,6,June,Jun,2012-06,201206,23,10,Sunday,True
20120611,2012-06-11,2012,2,6,June,Jun,2012-06,201206,24,11,Monday,False
20120612,2012-06-12,2012,2,6,June,Jun,2012-06,201206,24,12,Tuesday,False
20120613,2012-06-13,2012,2,6,June,Jun,2012-06,201206,24,13,Wednesday,False
20120614,2012-06-14,2012,2,6,June,Jun,2012-06,201206,24,14,Thursday,False
20120615,2012-06-15,2012,2,6,June,Jun,2012-06,201206,24,15,Friday,False
20120616,2012-06-16,2012,2,6,June,Jun,2012-06,201206,24,16,Saturday,True
20120617,2012-06-17,2012,2,6,June,Jun,2012-06,201206,24,17,Sunday,True
20120618,2012-06-18,2012,2,6,June,Jun,2012-06,201206,25,18,Monday,False
20120619,2012-06-19,2012,2,6,June,Jun,2012-06,201206,25,19,Tuesday,False
20120620,2012-06-20,2012,2,6,June,Jun,2012-06,201206,25,20,Wednesday,False
20120621,2012-06-21,2012,2,6,June,Jun,2012-06,201206,25,21,Thursday,False
20120622,2012-06-22,2012,2,6,June,Jun,2012-06,201206,25,22,Friday,False
20120623,2012-06-23,2012,2,6,June,Jun,2012-06,201206,25,23,Saturday,True
20120624,2012-06-24,2012,2,6,June,Jun,2012-06,201206,25,24,Sunday,True
20120625,2012-06-25,2012,2,6,June,Jun,2012-06,201206,26,25,Monday,False
20120626,2012-06-26,2012,2,6,June,Jun,2012-06,201206,26,26,Tuesday,False
20120627,2012-06-27,2012,2,6,June,Jun,2012-06,201206,26,27,Wednesday,False
20120628,2012-06-28,2012,2,6,June,Jun,2012-06,201206,26,28,Thursday,False
20120629,2012-06-29,2012,2,6,June,Jun,2012-06,201206,26,29,Friday,False
20120630,2012-06-30,2012,2,6,June,Jun,2012-06,201206,26,30,Saturday,True
20120701,2012-07-01,2012,3,7,July,Jul,2012-07,201207,26,1,Sunday,True
20120702,2012-07-02,2012,3,7,July,Jul,2012-07,201207,27,2,Monday,False
20120703,2012-07-03,2012,3,7,July,Jul,2012-07,201207,27,3,Tuesday,False
20120704,2012-07-04,2012,3,7,July,Jul,2012-07,201207,27,4,Wednesday,False
20120705,2012-07-05,2012,3,7,July,Jul,2012-07,201207,27,5,Thursday,False
20120706,2012-07-06,2012,3,7,July,Jul,2012-07,201207,27,6,Friday,False
20120707,2012-07-07,2012,3,7,July,Jul,2012-07,201207,27,7,Saturday,True
20120708,2012-07-08,2012,3,7,July,Jul,2012-07,201207,27,8,Sunday,True
20120709,2012-07-09,2012,3,7,July,Jul,2012-07,201207,28,9,Monday,False
20120710,2012-07-10,2012,3,7,July,Jul,2012-07,201207,28,10,Tuesday,False
20120711,2012-07-11,2012,3,7,July,Jul,2012-07,201207,28,11,Wednesday,False
20120712,2012-07-12,2012,3,7,July,Jul,2012-07,201207,28,12,Thursday,False
20120713,2012-07-13,2012,3,7,July,Jul,2012-07,201207,28,13,Friday,False
20120714,2012-07-14,2012,3,7,July,Jul,2012-07,201207,28,14,Saturday,True
20120715,2012-07-15,2012,3,7,July,Jul,2012-07,201207,28,15,Sunday,True
20120716,2012-07-16,2012,3,7,July,Jul,2012-07,201207,29,16,Monday,False
20120717,2012-07-17,2012,3,7,July,Jul,2012-07,201207,29,17,Tuesday,False
20120718,2012-07-18,2012,3,7,July,Jul,2012-07,201207,29,18,Wednesday,False
20120719,2012-07-19,2012,3,7,July,Jul,2012-07,201207,29,19,Thursday,False
20120720,2012-07-20,2012,3,7,July,Jul,2012-07,201207,29,20,Friday,False
20120721,2012-07-21,2012,3,7,July,Jul,2012-07,201207,29,21,Saturday,True
20120722,2012-07-22,2012,3,7,July,Jul,2012-07,201207,29,22,Sunday,True
20120723,2012-07-23,2012,3,7,July,Jul,2012-07,201207,30,23,Monday,False
20120724,2012-07-24,2012,3,7,July,Jul,2012-07,201207,30,24,Tuesday,False
20120725,2012-07-25,2012,3,7,July,Jul,2012-07,201207,30,25,Wednesday,False
20120726,2012-07-26,2012,3,7,July,Jul,2012-07,201207,30,26,Thursday,False
20120727,2012-07-27,2012,3,7,July,Jul,2012-07,201207,30,27,Friday,False
20120728,2012-07-28,2012,3,7,July,Jul,2012-07,201207,30,28,Saturday,True
20120729,2012-07-29,2012,3,7,July,Jul,2012-07,201207,30,29,Sunday,True
20120730,2012-07-30,2012,3,7,July,Jul,2012-07,201207,31,30,Monday,False
20120731,2012-07-31,2012,3,7,July,Jul,2012-07,201207,31,31,Tuesday,False
20120801,2012-08-01,2012,3,8,August,Aug,2012-08,201208,31,1,Wednesday,False
20120802,2012-08-02,2012,3,8,August,Aug,2012-08,201208,31,2,Thursday,False
20120803,2012-08-03,2012,3,8,August,Aug,2012-08,201208,31,3,Friday,False
20120804,2012-08-04,2012,3,8,August,Aug,2012-08,201208,31,4,Saturday,True
20120805,2012-08-05,2012,3,8,August,Aug,2012-08,201208,31,5,Sunday,True
20120806,2012-08-06,2012,3,8,August,Aug,2012-08,201208,32,6,Monday,False
20120807,2012-08-07,2012,3,8,August,Aug,2012-08,201208,32,7,Tuesday,False
20120808,2012-08-08,2012,3,8,August,Aug,2012-08,201208,32,8,Wednesday,False
20120809,2012-08-09,2012,3,8,August,Aug,2012-08,201208,32,9,Thursday,False
20120810,2012-08-10,2012,3,8,August,Aug,2012-08,201208,32,10,Friday,False
20120811,2012-08-11,2012,3,8,August,Aug,2012-08,201208,32,11,Saturday,True
20120812,2012-08-12,2012,3,8,August,Aug,2012-08,201208,32,12,Sunday,True
20120813,2012-08-13,2012,3,8,August,Aug,2012-08,201208,33,13,Monday,False
20120814,2012-08-14,2012,3,8,August,Aug,2012-08,201208,33,14,Tuesday,False
20120815,2012-08-15,2012,3,8,August,Aug,2012-08,201208,33,15,Wednesday,False
20120816,2012-08-16,2012,3,8,August,Aug,2012-08,201208,33,16,Thursday,False
20120817,2012-08-17,2012,3,8,August,Aug,2012-08,201208,33,17,Friday,False
20120818,2012-08-18,2012,3,8,August,Aug,2012-08,201208,33,18,Saturday,True
20120819,2012-08-19,2012,3,8,August,Aug,2012-08,201208,33,19,Sunday,True
20120820,2012-08-20,2012,3,8,August,Aug,2012-08,201208,34,20,Monday,False
20120821,2012-08-21,2012,3,8,August,Aug,2012-08,201208,34,21,Tuesday,False
20120822,2012-08-22,2012,3,8,August,Aug,2012-08,201208,34,22,Wednesday,False
20120823,2012-08-23,2012,3,8,August,Aug,2012-08,201208,34,23,Thursday,False
20120824,2012-08-24,2012,3,8,August,Aug,2012-08,201208,34,24,Friday,False
20120825,2012-08-25,2012,3,8,August,Aug,2012-08,201208,34,25,Saturday,True
20120826,2012-08-26,2012,3,8,August,Aug,2012-08,201208,34,26,Sunday,True
20120827,2012-08-27,2012,3,8,August,Aug,2012-08,201208,35,27,Monday,False
20120828,2012-08-28,2012,3,8,August,Aug,2012-08,201208,35,28,Tuesday,False
20120829,2012-08-29,2012,3,8,August,Aug,2012-08,201208,35,29,Wednesday,False
20120830,2012-08-30,2012,3,8,August,Aug,2012-08,201208,35,30,Thursday,False
20120831,2012-08-31,2012,3,8,August,Aug,2012-08,201208,35,31,Friday,False
20120901,2012-09-01,2012,3,9,September,Sep,2012-09,201209,35,1,Saturday,True
20120902,2012-09-02,2012,3,9,September,Sep,2012-09,201209,35,2,Sunday,True
20120903,2012-09-03,2012,3,9,September,Sep,2012-09,201209,36,3,Monday,False
20120904,2012-09-04,2012,3,9,September,Sep,2012-09,201209,36,4,Tuesday,False
20120905,2012-09-05,2012,3,9,September,Sep,2012-09,201209,36,5,Wednesday,False
20120906,2012-09-06,2012,3,9,September,Sep,2012-09,201209,36,6,Thursday,False
20120907,2012-09-07,2012,3,9,September,Sep,2012-09,201209,36,7,Friday,False
20120908,2012-09-08,2012,3,9,September,Sep,2012-09,201209,36,8,Saturday,True
20120909,2012-09-09,2012,3,9,September,Sep,2012-09,201209,36,9,Sunday,True
20120910,2012-09-10,2012,3,9,September,Sep,2012-09,201209,37,10,Monday,False
20120911,2012-09-11,2012,3,9,September,Sep,2012-09,201209,37,11,Tuesday,False
20120912,2012-09-12,2012,3,9,September,Sep,2012-09,201209,37,12,Wednesday,False
20120913,2012-09-13,2012,3,9,September,Sep,2012-09,201209,37,13,Thursday,False
20120914,2012-09-14,2012,3,9,September,Sep,2012-09,201209,37,14,Friday,False
20120915,2012-09-15,2012,3,9,September,Sep,2012-09,201209,37,15,Saturday,True
20120916,2012-09-16,2012,3,9,September,Sep,2012-09,201209,37,16,Sunday,True
20120917,2012-09-17,2012,3,9,September,Sep,2012-09,201209,38,17,Monday,False
20120918,2012-09-18,2012,3,9,September,Sep,2012-09,201209,38,18,Tuesday,False
20120919,2012-09-19,2012,3,9,September,Sep,2012-09,201209,38,19,Wednesday,False
20120920,2012-09-20,2012,3,9,September,Sep,2012-09,201209,38,20,Thursday,False
20120921,2012-09-21,2012,3,9,September,Sep,2012-09,201209,38,21,Friday,False
20120922,2012-09-22,2012,3,9,September,Sep,2012-09,201209,38,22,Saturday,True
20120923,2012-09-23,2012,3,9,September,Sep,2012-09,201209,38,23,Sunday,True
20120924,2012-09-24,2012,3,9,September,Sep,2012-09,201209,39,24,Monday,False
20120925,2012-09-25,2012,3,9,September,Sep,2012-09,201209,39,25,Tuesday,False
20120926,2012-09-26,2012,3,9,September,Sep,2012-09,201209,39,26,Wednesday,False
20120927,2012-09-27,2012,3,9,September,Sep,2012-09,201209,39,27,Thursday,False
20120928,2012-09-28,2012,3,9,September,Sep,2012-09,201209,39,28,Friday,False
20120929,2012-09-29,2012,3,9,September,Sep,2012-09,201209,39,29,Saturday,True
20120930,2012-09-30,2012,3,9,September,Sep,2012-09,201209,39,30,Sunday,True
20121001,2012-10-01,2012,4,10,October,Oct,2012-10,201210,40,1,Monday,False
20121002,2012-10-02,2012,4,10,October,Oct,2012-10,201210,40,2,Tuesday,False
20121003,2012-10-03,2012,4,10,October,Oct,2012-10,201210,40,3,Wednesday,False
20121004,2012-10-04,2012,4,10,October,Oct,2012-10,201210,40,4,Thursday,False
20121005,2012-10-05,2012,4,10,October,Oct,2012-10,201210,40,5,Friday,False
20121006,2012-10-06,2012,4,10,October,Oct,2012-10,201210,40,6,Saturday,True
20121007,2012-10-07,2012,4,10,October,Oct,2012-10,201210,40,7,Sunday,True
20121008,2012-10-08,2012,4,10,October,Oct,2012-10,201210,41,8,Monday,False
20121009,2012-10-09,2012,4,10,October,Oct,2012-10,201210,41,9,Tuesday,False
20121010,2012-10-10,2012,4,10,October,Oct,2012-10,201210,41,10,Wednesday,False
20121011,2012-10-11,2012,4,10,October,Oct,2012-10,201210,41,11,Thursday,False
20121012,2012-10-12,2012,4,10,October,Oct,2012-10,201210,41,12,Friday,False
20121013,2012-10-13,2012,4,10,October,Oct,2012-10,201210,41,13,Saturday,True
20121014,2012-10-14,2012,4,10,October,Oct,2012-10,201210,41,14,Sunday,True
20121015,2012-10-15,2012,4,10,October,Oct,2012-10,201210,42,15,Monday,False
20121016,2012-10-16,2012,4,10,October,Oct,2012-10,201210,42,16,Tuesday,False
20121017,2012-10-17,2012,4,10,October,Oct,2012-10,201210,42,17,Wednesday,False
20121018,2012-10-18,2012,4,10,October,Oct,2012-10,201210,42,18,Thursday,False
20121019,2012-10-19,2012,4,10,October,Oct,2012-10,201210,42,19,Friday,False
20121020,2012-10-20,2012,4,10,October,Oct,2012-10,201210,42,20,Saturday,True
20121021,2012-10-21,2012,4,10,October,Oct,2012-10,201210,42,21,Sunday,True
20121022,2012-10-22,2012,4,10,October,Oct,2012-10,201210,43,22,Monday,False
20121023,2012-10-23,2012,4,10,October,Oct,2012-10,201210,43,23,Tuesday,False
20121024,2012-10-24,2012,4,10,October,Oct,2012-10,201210,43,24,Wednesday,False
20121025,2012-10-25,2012,4,10,October,Oct,2012-10,201210,43,25,Thursday,False
20121026,2012-10-26,2012,4,10,October,Oct,2012-10,201210,43,26,Friday,False
20121027,2012-10-27,2012,4,10,October,Oct,2012-10,201210,43,27,Saturday,True
20121028,2012-10-28,2012,4,10,October,Oct,2012-10,201210,43,28,Sunday,True
20121029,2012-10-29,2012,4,10,October,Oct,2012-10,201210,44,29,Monday,False
20121030,2012-10-30,2012,4,10,October,Oct,2012-10,201210,44,30,Tuesday,False
20121031,2012-10-31,2012,4,10,October,Oct,2012-10,201210,44,31,Wednesday,False
20121101,2012-11-01,2012,4,11,November,Nov,2012-11,201211,44,1,Thursday,False
20121102,2012-11-02,2012,4,11,November,Nov,2012-11,201211,44,2,Friday,False
20121103,2012-11-03,2012,4,11,November,Nov,2012-11,201211,44,3,Saturday,True
20121104,2012-11-04,2012,4,11,November,Nov,2012-11,201211,44,4,Sunday,True
20121105,2012-11-05,2012,4,11,November,Nov,2012-11,201211,45,5,Monday,False
20121106,2012-11-06,2012,4,11,November,Nov,2012-11,201211,45,6,Tuesday,False
20121107,2012-11-07,2012,4,11,November,Nov,2012-11,201211,45,7,Wednesday,False
20121108,2012-11-08,2012,4,11,November,Nov,2012-11,201211,45,8,Thursday,False
20121109,2012-11-09,2012,4,11,November,Nov,2012-11,201211,45,9,Friday,False
20121110,2012-11-10,2012,4,11,November,Nov,2012-11,201211,45,10,Saturday,True
20121111,2012-11-11,2012,4,11,November,Nov,2012-11,201211,45,11,Sunday,True
20121112,2012-11-12,2012,4,11,November,Nov,2012-11,201211,46,12,Monday,False
20121113,2012-11-13,2012,4,11,November,Nov,2012-11,201211,46,13,Tuesday,False
20121114,2012-11-14,2012,4,11,November,Nov,2012-11,201211,46,14,Wednesday,False
20121115,2012-11-15,2012,4,11,November,Nov,2012-11,201211,46,15,Thursday,False
20121116,2012-11-16,2012,4,11,November,Nov,2012-11,201211,46,16,Friday,False
20121117,2012-11-17,2012,4,11,November,Nov,2012-11,201211,46,17,Saturday,True
20121118,2012-11-18,2012,4,11,November,Nov,2012-11,201211,46,18,Sunday,True
20121119,2012-11-19,2012,4,11,November,Nov,2012-11,201211,47,19,Monday,False
20121120,2012-11-20,2012,4,11,November,Nov,2012-11,201211,47,20,Tuesday,False
20121121,2012-11-21,2012,4,11,November,Nov,2012-11,201211,47,21,Wednesday,False
20121122,2012-11-22,2012,4,11,November,Nov,2012-11,201211,47,22,Thursday,False
20121123,2012-11-23,2012,4,11,November,Nov,2012-11,201211,47,23,Friday,False
20121124,2012-11-24,2012,4,11,November,Nov,2012-11,201211,47,24,Saturday,True
20121125,2012-11-25,2012,4,11,November,Nov,2012-11,201211,47,25,Sunday,True
20121126,2012-11-26,2012,4,11,November,Nov,2012-11,201211,48,26,Monday,False
20121127,2012-11-27,2012,4,11,November,Nov,2012-11,201211,48,27,Tuesday,False
20121128,2012-11-28,2012,4,11,November,Nov,2012-11,201211,48,28,Wednesday,False
20121129,2012-11-29,2012,4,11,November,Nov,2012-11,201211,48,29,Thursday,False
20121130,2012-11-30,2012,4,11,November,Nov,2012-11,201211,48,30,Friday,False
20121201,2012-12-01,2012,4,12,December,Dec,2012-12,201212,48,1,Saturday,True
20121202,2012-12-02,2012,4,12,December,Dec,2012-12,201212,48,2,Sunday,True
20121203,2012-12-03,2012,4,12,December,Dec,2012-12,201212,49,3,Monday,False
20121204,2012-12-04,2012,4,12,December,Dec,2012-12,201212,49,4,Tuesday,False
20121205,2012-12-05,2012,4,12,December,Dec,2012-12,201212,49,5,Wednesday,False
20121206,2012-12-06,2012,4,12,December,Dec,2012-12,201212,49,6,Thursday,False
20121207,2012-12-07,2012,4,12,December,Dec,2012-12,201212,49,7,Friday,False
20121208,2012-12-08,2012,4,12,December,Dec,2012-12,201212,49,8,Saturday,True
20121209,2012-12-09,2012,4,12,December,Dec,2012-12,201212,49,9,Sunday,True
20121210,2012-12-10,2012,4,12,December,Dec,2012-12,201212,50,10,Monday,False
20121211,2012-12-11,2012,4,12,December,Dec,2012-12,201212,50,11,Tuesday,False
20121212,2012-12-12,2012,4,12,December,Dec,2012-12,201212,50,12,Wednesday,False
20121213,2012-12-13,2012,4,12,December,Dec,2012-12,201212,50,13,Thursday,False
20121214,2012-12-14,2012,4,12,December,Dec,2012-12,201212,50,14,Friday,False
20121215,2012-12-15,2012,4,12,December,Dec,2012-12,201212,50,15,Saturday,True
20121216,2012-12-16,2012,4,12,December,Dec,2012-12,201212,50,16,Sunday,True
20121217,2012-12-17,2012,4,12,December,Dec,2012-12,201212,51,17,Monday,False
20121218,2012-12-18,2012,4,12,December,Dec,2012-12,201212,51,18,Tuesday,False
20121219,2012-12-19,2012,4,12,December,Dec,2012-12,201212,51,19,Wednesday,False
20121220,2012-12-20,2012,4,12,December,Dec,2012-12,201212,51,20,Thursday,False
20121221,2012-12-21,2012,4,12,December,Dec,2012-12,201212,51,21,Friday,False
20121222,2012-12-22,2012,4,12,December,Dec,2012-12,201212,51,22,Saturday,True
20121223,2012-12-23,2012,4,12,December,Dec,2012-12,201212,51,23,Sunday,True
20121224,2012-12-24,2012,4,12,December,Dec,2012-12,201212,52,24,Monday,False
20121225,2012-12-25,2012,4,12,December,Dec,2012-12,201212,52,25,Tuesday,False
20121226,2012-12-26,2012,4,12,December,Dec,2012-12,201212,52,26,Wednesday,False
20121227,2012-12-27,2012,4,12,December,Dec,2012-12,201212,52,27,Thursday,False
20121228,2012-12-28,2012,4,12,December,Dec,2012-12,201212,52,28,Friday,False
20121229,2012-12-29,2012,4,12,December,Dec,2012-12,201212,52,29,Saturday,True
20121230,2012-12-30,2012,4,12,December,Dec,2012-12,201212,52,30,Sunday,True
20121231,2012-12-31,2012,4,12,December,Dec,2012-12,201212,1,31,Monday,False
20130101,2013-01-01,2013,1,1,January,Jan,2013-01,201301,1,1,Tuesday,False
20130102,2013-01-02,2013,1,1,January,Jan,2013-01,201301,1,2,Wednesday,False
20130103,2013-01-03,2013,1,1,January,Jan,2013-01,201301,1,3,Thursday,False
20130104,2013-01-04,2013,1,1,January,Jan,2013-01,201301,1,4,Friday,False
20130105,2013-01-05,2013,1,1,January,Jan,2013-01,201301,1,5,Saturday,True
20130106,2013-01-06,2013,1,1,January,Jan,2013-01,201301,1,6,Sunday,True
20130107,2013-01-07,2013,1,1,January,Jan,2013-01,201301,2,7,Monday,False
20130108,2013-01-08,2013,1,1,January,Jan,2013-01,201301,2,8,Tuesday,False
20130109,2013-01-09,2013,1,1,January,Jan,2013-01,201301,2,9,Wednesday,False
20130110,2013-01-10,2013,1,1,January,Jan,2013-01,201301,2,10,Thursday,False
20130111,2013-01-11,2013,1,1,January,Jan,2013-01,201301,2,11,Friday,False
20130112,2013-01-12,2013,1,1,January,Jan,2013-01,201301,2,12,Saturday,True
20130113,2013-01-13,2013,1,1,January,Jan,2013-01,201301,2,13,Sunday,True
20130114,2013-01-14,2013,1,1,January,Jan,2013-01,201301,3,14,Monday,False
20130115,2013-01-15,2013,1,1,January,Jan,2013-01,201301,3,15,Tuesday,False
20130116,2013-01-16,2013,1,1,January,Jan,2013-01,201301,3,16,Wednesday,False
20130117,2013-01-17,2013,1,1,January,Jan,2013-01,201301,3,17,Thursday,False
20130118,2013-01-18,2013,1,1,January,Jan,2013-01,201301,3,18,Friday,False
20130119,2013-01-19,2013,1,1,January,Jan,2013-01,201301,3,19,Saturday,True
20130120,2013-01-20,2013,1,1,January,Jan,2013-01,201301,3,20,Sunday,True
20130121,2013-01-21,2013,1,1,January,Jan,2013-01,201301,4,21,Monday,False
20130122,2013-01-22,2013,1,1,January,Jan,2013-01,201301,4,22,Tuesday,False
20130123,2013-01-23,2013,1,1,January,Jan,2013-01,201301,4,23,Wednesday,False
20130124,2013-01-24,2013,1,1,January,Jan,2013-01,201301,4,24,Thursday,False
20130125,2013-01-25,2013,1,1,January,Jan,2013-01,201301,4,25,Friday,False
20130126,2013-01-26,2013,1,1,January,Jan,2013-01,201301,4,26,Saturday,True
20130127,2013-01-27,2013,1,1,January,Jan,2013-01,201301,4,27,Sunday,True
20130128,2013-01-28,2013,1,1,January,Jan,2013-01,201301,5,28,Monday,False
20130129,2013-01-29,2013,1,1,January,Jan,2013-01,201301,5,29,Tuesday,False
20130130,2013-01-30,2013,1,1,January,Jan,2013-01,201301,5,30,Wednesday,False
20130131,2013-01-31,2013,1,1,January,Jan,2013-01,201301,5,31,Thursday,False
20130201,2013-02-01,2013,1,2,February,Feb,2013-02,201302,5,1,Friday,False
20130202,2013-02-02,2013,1,2,February,Feb,2013-02,201302,5,2,Saturday,True
20130203,2013-02-03,2013,1,2,February,Feb,2013-02,201302,5,3,Sunday,True
20130204,2013-02-04,2013,1,2,February,Feb,2013-02,201302,6,4,Monday,False
20130205,2013-02-05,2013,1,2,February,Feb,2013-02,201302,6,5,Tuesday,False
20130206,2013-02-06,2013,1,2,February,Feb,2013-02,201302,6,6,Wednesday,False
20130207,2013-02-07,2013,1,2,February,Feb,2013-02,201302,6,7,Thursday,False
20130208,2013-02-08,2013,1,2,February,Feb,2013-02,201302,6,8,Friday,False
20130209,2013-02-09,2013,1,2,February,Feb,2013-02,201302,6,9,Saturday,True
20130210,2013-02-10,2013,1,2,February,Feb,2013-02,201302,6,10,Sunday,True
20130211,2013-02-11,2013,1,2,February,Feb,2013-02,201302,7,11,Monday,False
20130212,2013-02-12,2013,1,2,February,Feb,2013-02,201302,7,12,Tuesday,False
20130213,2013-02-13,2013,1,2,February,Feb,2013-02,201302,7,13,Wednesday,False
20130214,2013-02-14,2013,1,2,February,Feb,2013-02,201302,7,14,Thursday,False
20130215,2013-02-15,2013,1,2,February,Feb,2013-02,201302,7,15,Friday,False
20130216,2013-02-16,2013,1,2,February,Feb,2013-02,201302,7,16,Saturday,True
20130217,2013-02-17,2013,1,2,February,Feb,2013-02,201302,7,17,Sunday,True
20130218,2013-02-18,2013,1,2,February,Feb,2013-02,201302,8,18,Monday,False
20130219,2013-02-19,2013,1,2,February,Feb,2013-02,201302,8,19,Tuesday,False
20130220,2013-02-20,2013,1,2,February,Feb,2013-02,201302,8,20,Wednesday,False
20130221,2013-02-21,2013,1,2,February,Feb,2013-02,201302,8,21,Thursday,False
20130222,2013-02-22,2013,1,2,February,Feb,2013-02,201302,8,22,Friday,False
20130223,2013-02-23,2013,1,2,February,Feb,2013-02,201302,8,23,Saturday,True
20130224,2013-02-24,2013,1,2,February,Feb,2013-02,201302,8,24,Sunday,True
20130225,2013-02-25,2013,1,2,February,Feb,2013-02,201302,9,25,Monday,False
20130226,2013-02-26,2013,1,2,February,Feb,2013-02,201302,9,26,Tuesday,False
20130227,2013-02-27,2013,1,2,February,Feb,2013-02,201302,9,27,Wednesday,False
20130228,2013-02-28,2013,1,2,February,Feb,2013-02,201302,9,28,Thursday,False
20130301,2013-03-01,2013,1,3,March,Mar,2013-03,201303,9,1,Friday,False
20130302,2013-03-02,2013,1,3,March,Mar,2013-03,201303,9,2,Saturday,True
20130303,2013-03-03,2013,1,3,March,Mar,2013-03,201303,9,3,Sunday,True
20130304,2013-03-04,2013,1,3,March,Mar,2013-03,201303,10,4,Monday,False
20130305,2013-03-05,2013,1,3,March,Mar,2013-03,201303,10,5,Tuesday,False
20130306,2013-03-06,2013,1,3,March,Mar,2013-03,201303,10,6,Wednesday,False
20130307,2013-03-07,2013,1,3,March,Mar,2013-03,201303,10,7,Thursday,False
20130308,2013-03-08,2013,1,3,March,Mar,2013-03,201303,10,8,Friday,False
20130309,2013-03-09,2013,1,3,March,Mar,2013-03,201303,10,9,Saturday,True
20130310,2013-03-10,2013,1,3,March,Mar,2013-03,201303,10,10,Sunday,True
20130311,2013-03-11,2013,1,3,March,Mar,2013-03,201303,11,11,Monday,False
20130312,2013-03-12,2013,1,3,March,Mar,2013-03,201303,11,12,Tuesday,False
20130313,2013-03-13,2013,1,3,March,Mar,2013-03,201303,11,13,Wednesday,False
20130314,2013-03-14,2013,1,3,March,Mar,2013-03,201303,11,14,Thursday,False
20130315,2013-03-15,2013,1,3,March,Mar,2013-03,201303,11,15,Friday,False
20130316,2013-03-16,2013,1,3,March,Mar,2013-03,201303,11,16,Saturday,True
20130317,2013-03-17,2013,1,3,March,Mar,2013-03,201303,11,17,Sunday,True
20130318,2013-03-18,2013,1,3,March,Mar,2013-03,201303,12,18,Monday,False
20130319,2013-03-19,2013,1,3,March,Mar,2013-03,201303,12,19,Tuesday,False
20130320,2013-03-20,2013,1,3,March,Mar,2013-03,201303,12,20,Wednesday,False
20130321,2013-03-21,2013,1,3,March,Mar,2013-03,201303,12,21,Thursday,False
20130322,2013-03-22,2013,1,3,March,Mar,2013-03,201303,12,22,Friday,False
20130323,2013-03-23,2013,1,3,March,Mar,2013-03,201303,12,23,Saturday,True
20130324,2013-03-24,2013,1,3,March,Mar,2013-03,201303,12,24,Sunday,True
20130325,2013-03-25,2013,1,3,March,Mar,2013-03,201303,13,25,Monday,False
20130326,2013-03-26,2013,1,3,March,Mar,2013-03,201303,13,26,Tuesday,False
20130327,2013-03-27,2013,1,3,March,Mar,2013-03,201303,13,27,Wednesday,False
20130328,2013-03-28,2013,1,3,March,Mar,2013-03,201303,13,28,Thursday,False
20130329,2013-03-29,2013,1,3,March,Mar,2013-03,201303,13,29,Friday,False
20130330,2013-03-30,2013,1,3,March,Mar,2013-03,201303,13,30,Saturday,True
20130331,2013-03-31,2013,1,3,March,Mar,2013-03,201303,13,31,Sunday,True
20130401,2013-04-01,2013,2,4,April,Apr,2013-04,201304,14,1,Monday,False
20130402,2013-04-02,2013,2,4,April,Apr,2013-04,201304,14,2,Tuesday,False
20130403,2013-04-03,2013,2,4,April,Apr,2013-04,201304,14,3,Wednesday,False
20130404,2013-04-04,2013,2,4,April,Apr,2013-04,201304,14,4,Thursday,False
20130405,2013-04-05,2013,2,4,April,Apr,2013-04,201304,14,5,Friday,False
20130406,2013-04-06,2013,2,4,April,Apr,2013-04,201304,14,6,Saturday,True
20130407,2013-04-07,2013,2,4,April,Apr,2013-04,201304,14,7,Sunday,True
20130408,2013-04-08,2013,2,4,April,Apr,2013-04,201304,15,8,Monday,False
20130409,2013-04-09,2013,2,4,April,Apr,2013-04,201304,15,9,Tuesday,False
20130410,2013-04-10,2013,2,4,April,Apr,2013-04,201304,15,10,Wednesday,False
20130411,2013-04-11,2013,2,4,April,Apr,2013-04,201304,15,11,Thursday,False
20130412,2013-04-12,2013,2,4,April,Apr,2013-04,201304,15,12,Friday,False
20130413,2013-04-13,2013,2,4,April,Apr,2013-04,201304,15,13,Saturday,True
20130414,2013-04-14,2013,2,4,April,Apr,2013-04,201304,15,14,Sunday,True
20130415,2013-04-15,2013,2,4,April,Apr,2013-04,201304,16,15,Monday,False
20130416,2013-04-16,2013,2,4,April,Apr,2013-04,201304,16,16,Tuesday,False
20130417,2013-04-17,2013,2,4,April,Apr,2013-04,201304,16,17,Wednesday,False
20130418,2013-04-18,2013,2,4,April,Apr,2013-04,201304,16,18,Thursday,False
20130419,2013-04-19,2013,2,4,April,Apr,2013-04,201304,16,19,Friday,False
20130420,2013-04-20,2013,2,4,April,Apr,2013-04,201304,16,20,Saturday,True
20130421,2013-04-21,2013,2,4,April,Apr,2013-04,201304,16,21,Sunday,True
20130422,2013-04-22,2013,2,4,April,Apr,2013-04,201304,17,22,Monday,False
20130423,2013-04-23,2013,2,4,April,Apr,2013-04,201304,17,23,Tuesday,False
20130424,2013-04-24,2013,2,4,April,Apr,2013-04,201304,17,24,Wednesday,False
20130425,2013-04-25,2013,2,4,April,Apr,2013-04,201304,17,25,Thursday,False
20130426,2013-04-26,2013,2,4,April,Apr,2013-04,201304,17,26,Friday,False
20130427,2013-04-27,2013,2,4,April,Apr,2013-04,201304,17,27,Saturday,True
20130428,2013-04-28,2013,2,4,April,Apr,2013-04,201304,17,28,Sunday,True
20130429,2013-04-29,2013,2,4,April,Apr,2013-04,201304,18,29,Monday,False
20130430,2013-04-30,2013,2,4,April,Apr,2013-04,201304,18,30,Tuesday,False
20130501,2013-05-01,2013,2,5,May,May,2013-05,201305,18,1,Wednesday,False
20130502,2013-05-02,2013,2,5,May,May,2013-05,201305,18,2,Thursday,False
20130503,2013-05-03,2013,2,5,May,May,2013-05,201305,18,3,Friday,False
20130504,2013-05-04,2013,2,5,May,May,2013-05,201305,18,4,Saturday,True
20130505,2013-05-05,2013,2,5,May,May,2013-05,201305,18,5,Sunday,True
20130506,2013-05-06,2013,2,5,May,May,2013-05,201305,19,6,Monday,False
20130507,2013-05-07,2013,2,5,May,May,2013-05,201305,19,7,Tuesday,False
20130508,2013-05-08,2013,2,5,May,May,2013-05,201305,19,8,Wednesday,False
20130509,2013-05-09,2013,2,5,May,May,2013-05,201305,19,9,Thursday,False
20130510,2013-05-10,2013,2,5,May,May,2013-05,201305,19,10,Friday,False
20130511,2013-05-11,2013,2,5,May,May,2013-05,201305,19,11,Saturday,True
20130512,2013-05-12,2013,2,5,May,May,2013-05,201305,19,12,Sunday,True
20130513,2013-05-13,2013,2,5,May,May,2013-05,201305,20,13,Monday,False
20130514,2013-05-14,2013,2,5,May,May,2013-05,201305,20,14,Tuesday,False
20130515,2013-05-15,2013,2,5,May,May,2013-05,201305,20,15,Wednesday,False
20130516,2013-05-16,2013,2,5,May,May,2013-05,201305,20,16,Thursday,False
20130517,2013-05-17,2013,2,5,May,May,2013-05,201305,20,17,Friday,False
20130518,2013-05-18,2013,2,5,May,May,2013-05,201305,20,18,Saturday,True
20130519,2013-05-19,2013,2,5,May,May,2013-05,201305,20,19,Sunday,True
20130520,2013-05-20,2013,2,5,May,May,2013-05,201305,21,20,Monday,False
20130521,2013-05-21,2013,2,5,May,May,2013-05,201305,21,21,Tuesday,False
20130522,2013-05-22,2013,2,5,May,May,2013-05,201305,21,22,Wednesday,False
20130523,2013-05-23,2013,2,5,May,May,2013-05,201305,21,23,Thursday,False
20130524,2013-05-24,2013,2,5,May,May,2013-05,201305,21,24,Friday,False
20130525,2013-05-25,2013,2,5,May,May,2013-05,201305,21,25,Saturday,True
20130526,2013-05-26,2013,2,5,May,May,2013-05,201305,21,26,Sunday,True
20130527,2013-05-27,2013,2,5,May,May,2013-05,201305,22,27,Monday,False
20130528,2013-05-28,2013,2,5,May,May,2013-05,201305,22,28,Tuesday,False
20130529,2013-05-29,2013,2,5,May,May,2013-05,201305,22,29,Wednesday,False
20130530,2013-05-30,2013,2,5,May,May,2013-05,201305,22,30,Thursday,False
20130531,2013-05-31,2013,2,5,May,May,2013-05,201305,22,31,Friday,False
20130601,2013-06-01,2013,2,6,June,Jun,2013-06,201306,22,1,Saturday,True
20130602,2013-06-02,2013,2,6,June,Jun,2013-06,201306,22,2,Sunday,True
20130603,2013-06-03,2013,2,6,June,Jun,2013-06,201306,23,3,Monday,False
20130604,2013-06-04,2013,2,6,June,Jun,2013-06,201306,23,4,Tuesday,False
20130605,2013-06-05,2013,2,6,June,Jun,2013-06,201306,23,5,Wednesday,False
20130606,2013-06-06,2013,2,6,June,Jun,2013-06,201306,23,6,Thursday,False
20130607,2013-06-07,2013,2,6,June,Jun,2013-06,201306,23,7,Friday,False
20130608,2013-06-08,2013,2,6,June,Jun,2013-06,201306,23,8,Saturday,True
20130609,2013-06-09,2013,2,6,June,Jun,2013-06,201306,23,9,Sunday,True
20130610,2013-06-10,2013,2,6,June,Jun,2013-06,201306,24,10,Monday,False
20130611,2013-06-11,2013,2,6,June,Jun,2013-06,201306,24,11,Tuesday,False
20130612,2013-06-12,2013,2,6,June,Jun,2013-06,201306,24,12,Wednesday,False
20130613,2013-06-13,2013,2,6,June,Jun,2013-06,201306,24,13,Thursday,False
20130614,2013-06-14,2013,2,6,June,Jun,2013-06,201306,24,14,Friday,False
20130615,2013-06-15,2013,2,6,June,Jun,2013-06,201306,24,15,Saturday,True
20130616,2013-06-16,2013,2,6,June,Jun,2013-06,201306,24,16,Sunday,True
20130617,2013-06-17,2013,2,6,June,Jun,2013-06,201306,25,17,Monday,False
20130618,2013-06-18,2013,2,6,June,Jun,2013-06,201306,25,18,Tuesday,False
20130619,2013-06-19,2013,2,6,June,Jun,2013-06,201306,25,19,Wednesday,False
20130620,2013-06-20,2013,2,6,June,Jun,2013-06,201306,25,20,Thursday,False
20130621,2013-06-21,2013,2,6,June,Jun,2013-06,201306,25,21,Friday,False
20130622,2013-06-22,2013,2,6,June,Jun,2013-06,201306,25,22,Saturday,True
20130623,2013-06-23,2013,2,6,June,Jun,2013-06,201306,25,23,Sunday,True
20130624,2013-06-24,2013,2,6,June,Jun,2013-06,201306,26,24,Monday,False
20130625,2013-06-25,2013,2,6,June,Jun,2013-06,201306,26,25,Tuesday,False
20130626,2013-06-26,2013,2,6,June,Jun,2013-06,201306,26,26,Wednesday,False
20130627,2013-06-27,2013,2,6,June,Jun,2013-06,201306,26,27,Thursday,False
20130628,2013-06-28,2013,2,6,June,Jun,2013-06,201306,26,28,Friday,False
20130629,2013-06-29,2013,2,6,June,Jun,2013-06,201306,26,29,Saturday,True
20130630,2013-06-30,2013,2,6,June,Jun,2013-06,201306,26,30,Sunday,True
20130701,2013-07-01,2013,3,7,July,Jul,2013-07,201307,27,1,Monday,False
20130702,2013-07-02,2013,3,7,July,Jul,2013-07,201307,27,2,Tuesday,False
20130703,2013-07-03,2013,3,7,July,Jul,2013-07,201307,27,3,Wednesday,False
20130704,2013-07-04,2013,3,7,July,Jul,2013-07,201307,27,4,Thursday,False
20130705,2013-07-05,2013,3,7,July,Jul,2013-07,201307,27,5,Friday,False
20130706,2013-07-06,2013,3,7,July,Jul,2013-07,201307,27,6,Saturday,True
20130707,2013-07-07,2013,3,7,July,Jul,2013-07,201307,27,7,Sunday,True
20130708,2013-07-08,2013,3,7,July,Jul,2013-07,201307,28,8,Monday,False
20130709,2013-07-09,2013,3,7,July,Jul,2013-07,201307,28,9,Tuesday,False
20130710,2013-07-10,2013,3,7,July,Jul,2013-07,201307,28,10,Wednesday,False
20130711,2013-07-11,2013,3,7,July,Jul,2013-07,201307,28,11,Thursday,False
20130712,2013-07-12,2013,3,7,July,Jul,2013-07,201307,28,12,Friday,False
20130713,2013-07-13,2013,3,7,July,Jul,2013-07,201307,28,13,Saturday,True
20130714,2013-07-14,2013,3,7,July,Jul,2013-07,201307,28,14,Sunday,True
20130715,2013-07-15,2013,3,7,July,Jul,2013-07,201307,29,15,Monday,False
20130716,2013-07-16,2013,3,7,July,Jul,2013-07,201307,29,16,Tuesday,False
20130717,2013-07-17,2013,3,7,July,Jul,2013-07,201307,29,17,Wednesday,False
20130718,2013-07-18,2013,3,7,July,Jul,2013-07,201307,29,18,Thursday,False
20130719,2013-07-19,2013,3,7,July,Jul,2013-07,201307,29,19,Friday,False
20130720,2013-07-20,2013,3,7,July,Jul,2013-07,201307,29,20,Saturday,True
20130721,2013-07-21,2013,3,7,July,Jul,2013-07,201307,29,21,Sunday,True
20130722,2013-07-22,2013,3,7,July,Jul,2013-07,201307,30,22,Monday,False
20130723,2013-07-23,2013,3,7,July,Jul,2013-07,201307,30,23,Tuesday,False
20130724,2013-07-24,2013,3,7,July,Jul,2013-07,201307,30,24,Wednesday,False
20130725,2013-07-25,2013,3,7,July,Jul,2013-07,201307,30,25,Thursday,False
20130726,2013-07-26,2013,3,7,July,Jul,2013-07,201307,30,26,Friday,False
20130727,2013-07-27,2013,3,7,July,Jul,2013-07,201307,30,27,Saturday,True
20130728,2013-07-28,2013,3,7,July,Jul,2013-07,201307,30,28,Sunday,True
20130729,2013-07-29,2013,3,7,July,Jul,2013-07,201307,31,29,Monday,False
20130730,2013-07-30,2013,3,7,July,Jul,2013-07,201307,31,30,Tuesday,False
20130731,2013-07-31,2013,3,7,July,Jul,2013-07,201307,31,31,Wednesday,False
20130801,2013-08-01,2013,3,8,August,Aug,2013-08,201308,31,1,Thursday,False
20130802,2013-08-02,2013,3,8,August,Aug,2013-08,201308,31,2,Friday,False
20130803,2013-08-03,2013,3,8,August,Aug,2013-08,201308,31,3,Saturday,True
20130804,2013-08-04,2013,3,8,August,Aug,2013-08,201308,31,4,Sunday,True
20130805,2013-08-05,2013,3,8,August,Aug,2013-08,201308,32,5,Monday,False
20130806,2013-08-06,2013,3,8,August,Aug,2013-08,201308,32,6,Tuesday,False
20130807,2013-08-07,2013,3,8,August,Aug,2013-08,201308,32,7,Wednesday,False
20130808,2013-08-08,2013,3,8,August,Aug,2013-08,201308,32,8,Thursday,False
20130809,2013-08-09,2013,3,8,August,Aug,2013-08,201308,32,9,Friday,False
20130810,2013-08-10,2013,3,8,August,Aug,2013-08,201308,32,10,Saturday,True
20130811,2013-08-11,2013,3,8,August,Aug,2013-08,201308,32,11,Sunday,True
20130812,2013-08-12,2013,3,8,August,Aug,2013-08,201308,33,12,Monday,False
20130813,2013-08-13,2013,3,8,August,Aug,2013-08,201308,33,13,Tuesday,False
20130814,2013-08-14,2013,3,8,August,Aug,2013-08,201308,33,14,Wednesday,False
20130815,2013-08-15,2013,3,8,August,Aug,2013-08,201308,33,15,Thursday,False
20130816,2013-08-16,2013,3,8,August,Aug,2013-08,201308,33,16,Friday,False
20130817,2013-08-17,2013,3,8,August,Aug,2013-08,201308,33,17,Saturday,True
20130818,2013-08-18,2013,3,8,August,Aug,2013-08,201308,33,18,Sunday,True
20130819,2013-08-19,2013,3,8,August,Aug,2013-08,201308,34,19,Monday,False
20130820,2013-08-20,2013,3,8,August,Aug,2013-08,201308,34,20,Tuesday,False
20130821,2013-08-21,2013,3,8,August,Aug,2013-08,201308,34,21,Wednesday,False
20130822,2013-08-22,2013,3,8,August,Aug,2013-08,201308,34,22,Thursday,False
20130823,2013-08-23,2013,3,8,August,Aug,2013-08,201308,34,23,Friday,False
20130824,2013-08-24,2013,3,8,August,Aug,2013-08,201308,34,24,Saturday,True
20130825,2013-08-25,2013,3,8,August,Aug,2013-08,201308,34,25,Sunday,True
20130826,2013-08-26,2013,3,8,August,Aug,2013-08,201308,35,26,Monday,False
20130827,2013-08-27,2013,3,8,August,Aug,2013-08,201308,35,27,Tuesday,False
20130828,2013-08-28,2013,3,8,August,Aug,2013-08,201308,35,28,Wednesday,False
20130829,2013-08-29,2013,3,8,August,Aug,2013-08,201308,35,29,Thursday,False
20130830,2013-08-30,2013,3,8,August,Aug,2013-08,201308,35,30,Friday,False
20130831,2013-08-31,2013,3,8,August,Aug,2013-08,201308,35,31,Saturday,True
20130901,2013-09-01,2013,3,9,September,Sep,2013-09,201309,35,1,Sunday,True
20130902,2013-09-02,2013,3,9,September,Sep,2013-09,201309,36,2,Monday,False
20130903,2013-09-03,2013,3,9,September,Sep,2013-09,201309,36,3,Tuesday,False
20130904,2013-09-04,2013,3,9,September,Sep,2013-09,201309,36,4,Wednesday,False
20130905,2013-09-05,2013,3,9,September,Sep,2013-09,201309,36,5,Thursday,False
20130906,2013-09-06,2013,3,9,September,Sep,2013-09,201309,36,6,Friday,False
20130907,2013-09-07,2013,3,9,September,Sep,2013-09,201309,36,7,Saturday,True
20130908,2013-09-08,2013,3,9,September,Sep,2013-09,201309,36,8,Sunday,True
20130909,2013-09-09,2013,3,9,September,Sep,2013-09,201309,37,9,Monday,False
20130910,2013-09-10,2013,3,9,September,Sep,2013-09,201309,37,10,Tuesday,False
20130911,2013-09-11,2013,3,9,September,Sep,2013-09,201309,37,11,Wednesday,False
20130912,2013-09-12,2013,3,9,September,Sep,2013-09,201309,37,12,Thursday,False
20130913,2013-09-13,2013,3,9,September,Sep,2013-09,201309,37,13,Friday,False
20130914,2013-09-14,2013,3,9,September,Sep,2013-09,201309,37,14,Saturday,True
20130915,2013-09-15,2013,3,9,September,Sep,2013-09,201309,37,15,Sunday,True
20130916,2013-09-16,2013,3,9,September,Sep,2013-09,201309,38,16,Monday,False
20130917,2013-09-17,2013,3,9,September,Sep,2013-09,201309,38,17,Tuesday,False
20130918,2013-09-18,2013,3,9,September,Sep,2013-09,201309,38,18,Wednesday,False
20130919,2013-09-19,2013,3,9,September,Sep,2013-09,201309,38,19,Thursday,False
20130920,2013-09-20,2013,3,9,September,Sep,2013-09,201309,38,20,Friday,False
20130921,2013-09-21,2013,3,9,September,Sep,2013-09,201309,38,21,Saturday,True
20130922,2013-09-22,2013,3,9,September,Sep,2013-09,201309,38,22,Sunday,True
20130923,2013-09-23,2013,3,9,September,Sep,2013-09,201309,39,23,Monday,False
20130924,2013-09-24,2013,3,9,September,Sep,2013-09,201309,39,24,Tuesday,False
20130925,2013-09-25,2013,3,9,September,Sep,2013-09,201309,39,25,Wednesday,False
20130926,2013-09-26,2013,3,9,September,Sep,2013-09,201309,39,26,Thursday,False
20130927,2013-09-27,2013,3,9,September,Sep,2013-09,201309,39,27,Friday,False
20130928,2013-09-28,2013,3,9,September,Sep,2013-09,201309,39,28,Saturday,True
20130929,2013-09-29,2013,3,9,September,Sep,2013-09,201309,39,29,Sunday,True
20130930,2013-09-30,2013,3,9,September,Sep,2013-09,201309,40,30,Monday,False
20131001,2013-10-01,2013,4,10,October,Oct,2013-10,201310,40,1,Tuesday,False
20131002,2013-10-02,2013,4,10,October,Oct,2013-10,201310,40,2,Wednesday,False
20131003,2013-10-03,2013,4,10,October,Oct,2013-10,201310,40,3,Thursday,False
20131004,2013-10-04,2013,4,10,October,Oct,2013-10,201310,40,4,Friday,False
20131005,2013-10-05,2013,4,10,October,Oct,2013-10,201310,40,5,Saturday,True
20131006,2013-10-06,2013,4,10,October,Oct,2013-10,201310,40,6,Sunday,True
20131007,2013-10-07,2013,4,10,October,Oct,2013-10,201310,41,7,Monday,False
20131008,2013-10-08,2013,4,10,October,Oct,2013-10,201310,41,8,Tuesday,False
20131009,2013-10-09,2013,4,10,October,Oct,2013-10,201310,41,9,Wednesday,False
20131010,2013-10-10,2013,4,10,October,Oct,2013-10,201310,41,10,Thursday,False
20131011,2013-10-11,2013,4,10,October,Oct,2013-10,201310,41,11,Friday,False
20131012,2013-10-12,2013,4,10,October,Oct,2013-10,201310,41,12,Saturday,True
20131013,2013-10-13,2013,4,10,October,Oct,2013-10,201310,41,13,Sunday,True
20131014,2013-10-14,2013,4,10,October,Oct,2013-10,201310,42,14,Monday,False
20131015,2013-10-15,2013,4,10,October,Oct,2013-10,201310,42,15,Tuesday,False
20131016,2013-10-16,2013,4,10,October,Oct,2013-10,201310,42,16,Wednesday,False
20131017,2013-10-17,2013,4,10,October,Oct,2013-10,201310,42,17,Thursday,False
20131018,2013-10-18,2013,4,10,October,Oct,2013-10,201310,42,18,Friday,False
20131019,2013-10-19,2013,4,10,October,Oct,2013-10,201310,42,19,Saturday,True
20131020,2013-10-20,2013,4,10,October,Oct,2013-10,201310,42,20,Sunday,True
20131021,2013-10-21,2013,4,10,October,Oct,2013-10,201310,43,21,Monday,False
20131022,2013-10-22,2013,4,10,October,Oct,2013-10,201310,43,22,Tuesday,False
20131023,2013-10-23,2013,4,10,October,Oct,2013-10,201310,43,23,Wednesday,False
20131024,2013-10-24,2013,4,10,October,Oct,2013-10,201310,43,24,Thursday,False
20131025,2013-10-25,2013,4,10,October,Oct,2013-10,201310,43,25,Friday,False
20131026,2013-10-26,2013,4,10,October,Oct,2013-10,201310,43,26,Saturday,True
20131027,2013-10-27,2013,4,10,October,Oct,2013-10,201310,43,27,Sunday,True
20131028,2013-10-28,2013,4,10,October,Oct,2013-10,201310,44,28,Monday,False
20131029,2013-10-29,2013,4,10,October,Oct,2013-10,201310,44,29,Tuesday,False
20131030,2013-10-30,2013,4,10,October,Oct,2013-10,201310,44,30,Wednesday,False
20131031,2013-10-31,2013,4,10,October,Oct,2013-10,201310,44,31,Thursday,False
20131101,2013-11-01,2013,4,11,November,Nov,2013-11,201311,44,1,Friday,False
20131102,2013-11-02,2013,4,11,November,Nov,2013-11,201311,44,2,Saturday,True
20131103,2013-11-03,2013,4,11,November,Nov,2013-11,201311,44,3,Sunday,True
20131104,2013-11-04,2013,4,11,November,Nov,2013-11,201311,45,4,Monday,False
20131105,2013-11-05,2013,4,11,November,Nov,2013-11,201311,45,5,Tuesday,False
20131106,2013-11-06,2013,4,11,November,Nov,2013-11,201311,45,6,Wednesday,False
20131107,2013-11-07,2013,4,11,November,Nov,2013-11,201311,45,7,Thursday,False
20131108,2013-11-08,2013,4,11,November,Nov,2013-11,201311,45,8,Friday,False
20131109,2013-11-09,2013,4,11,November,Nov,2013-11,201311,45,9,Saturday,True
20131110,2013-11-10,2013,4,11,November,Nov,2013-11,201311,45,10,Sunday,True
20131111,2013-11-11,2013,4,11,November,Nov,2013-11,201311,46,11,Monday,False
20131112,2013-11-12,2013,4,11,November,Nov,2013-11,201311,46,12,Tuesday,False
20131113,2013-11-13,2013,4,11,November,Nov,2013-11,201311,46,13,Wednesday,False
20131114,2013-11-14,2013,4,11,November,Nov,2013-11,201311,46,14,Thursday,False
20131115,2013-11-15,2013,4,11,November,Nov,2013-11,201311,46,15,Friday,False
20131116,2013-11-16,2013,4,11,November,Nov,2013-11,201311,46,16,Saturday,True
20131117,2013-11-17,2013,4,11,November,Nov,2013-11,201311,46,17,Sunday,True
20131118,2013-11-18,2013,4,11,November,Nov,2013-11,201311,47,18,Monday,False
20131119,2013-11-19,2013,4,11,November,Nov,2013-11,201311,47,19,Tuesday,False
20131120,2013-11-20,2013,4,11,November,Nov,2013-11,201311,47,20,Wednesday,False
20131121,2013-11-21,2013,4,11,November,Nov,2013-11,201311,47,21,Thursday,False
20131122,2013-11-22,2013,4,11,November,Nov,2013-11,201311,47,22,Friday,False
20131123,2013-11-23,2013,4,11,November,Nov,2013-11,201311,47,23,Saturday,True
20131124,2013-11-24,2013,4,11,November,Nov,2013-11,201311,47,24,Sunday,True
20131125,2013-11-25,2013,4,11,November,Nov,2013-11,201311,48,25,Monday,False
20131126,2013-11-26,2013,4,11,November,Nov,2013-11,201311,48,26,Tuesday,False
20131127,2013-11-27,2013,4,11,November,Nov,2013-11,201311,48,27,Wednesday,False
20131128,2013-11-28,2013,4,11,November,Nov,2013-11,201311,48,28,Thursday,False
20131129,2013-11-29,2013,4,11,November,Nov,2013-11,201311,48,29,Friday,False
20131130,2013-11-30,2013,4,11,November,Nov,2013-11,201311,48,30,Saturday,True
20131201,2013-12-01,2013,4,12,December,Dec,2013-12,201312,48,1,Sunday,True
20131202,2013-12-02,2013,4,12,December,Dec,2013-12,201312,49,2,Monday,False
20131203,2013-12-03,2013,4,12,December,Dec,2013-12,201312,49,3,Tuesday,False
20131204,2013-12-04,2013,4,12,December,Dec,2013-12,201312,49,4,Wednesday,False
20131205,2013-12-05,2013,4,12,December,Dec,2013-12,201312,49,5,Thursday,False
20131206,2013-12-06,2013,4,12,December,Dec,2013-12,201312,49,6,Friday,False
20131207,2013-12-07,2013,4,12,December,Dec,2013-12,201312,49,7,Saturday,True
20131208,2013-12-08,2013,4,12,December,Dec,2013-12,201312,49,8,Sunday,True
20131209,2013-12-09,2013,4,12,December,Dec,2013-12,201312,50,9,Monday,False
20131210,2013-12-10,2013,4,12,December,Dec,2013-12,201312,50,10,Tuesday,False
20131211,2013-12-11,2013,4,12,December,Dec,2013-12,201312,50,11,Wednesday,False
20131212,2013-12-12,2013,4,12,December,Dec,2013-12,201312,50,12,Thursday,False
20131213,2013-12-13,2013,4,12,December,Dec,2013-12,201312,50,13,Friday,False
20131214,2013-12-14,2013,4,12,December,Dec,2013-12,201312,50,14,Saturday,True
20131215,2013-12-15,2013,4,12,December,Dec,2013-12,201312,50,15,Sunday,True
20131216,2013-12-16,2013,4,12,December,Dec,2013-12,201312,51,16,Monday,False
20131217,2013-12-17,2013,4,12,December,Dec,2013-12,201312,51,17,Tuesday,False
20131218,2013-12-18,2013,4,12,December,Dec,2013-12,201312,51,18,Wednesday,False
20131219,2013-12-19,2013,4,12,December,Dec,2013-12,201312,51,19,Thursday,False
20131220,2013-12-20,2013,4,12,December,Dec,2013-12,201312,51,20,Friday,False
20131221,2013-12-21,2013,4,12,December,Dec,2013-12,201312,51,21,Saturday,True
20131222,2013-12-22,2013,4,12,December,Dec,2013-12,201312,51,22,Sunday,True
20131223,2013-12-23,2013,4,12,December,Dec,2013-12,201312,52,23,Monday,False
20131224,2013-12-24,2013,4,12,December,Dec,2013-12,201312,52,24,Tuesday,False
20131225,2013-12-25,2013,4,12,December,Dec,2013-12,201312,52,25,Wednesday,False
20131226,2013-12-26,2013,4,12,December,Dec,2013-12,201312,52,26,Thursday,False
20131227,2013-12-27,2013,4,12,December,Dec,2013-12,201312,52,27,Friday,False
20131228,2013-12-28,2013,4,12,December,Dec,2013-12,201312,52,28,Saturday,True
20131229,2013-12-29,2013,4,12,December,Dec,2013-12,201312,52,29,Sunday,True
20131230,2013-12-30,2013,4,12,December,Dec,2013-12,201312,1,30,Monday,False
20131231,2013-12-31,2013,4,12,December,Dec,2013-12,201312,1,31,Tuesday,False
20140101,2014-01-01,2014,1,1,January,Jan,2014-01,201401,1,1,Wednesday,False
20140102,2014-01-02,2014,1,1,January,Jan,2014-01,201401,1,2,Thursday,False
20140103,2014-01-03,2014,1,1,January,Jan,2014-01,201401,1,3,Friday,False
20140104,2014-01-04,2014,1,1,January,Jan,2014-01,201401,1,4,Saturday,True
20140105,2014-01-05,2014,1,1,January,Jan,2014-01,201401,1,5,Sunday,True
20140106,2014-01-06,2014,1,1,January,Jan,2014-01,201401,2,6,Monday,False
20140107,2014-01-07,2014,1,1,January,Jan,2014-01,201401,2,7,Tuesday,False
20140108,2014-01-08,2014,1,1,January,Jan,2014-01,201401,2,8,Wednesday,False
20140109,2014-01-09,2014,1,1,January,Jan,2014-01,201401,2,9,Thursday,False
20140110,2014-01-10,2014,1,1,January,Jan,2014-01,201401,2,10,Friday,False
20140111,2014-01-11,2014,1,1,January,Jan,2014-01,201401,2,11,Saturday,True
20140112,2014-01-12,2014,1,1,January,Jan,2014-01,201401,2,12,Sunday,True
20140113,2014-01-13,2014,1,1,January,Jan,2014-01,201401,3,13,Monday,False
20140114,2014-01-14,2014,1,1,January,Jan,2014-01,201401,3,14,Tuesday,False
20140115,2014-01-15,2014,1,1,January,Jan,2014-01,201401,3,15,Wednesday,False
20140116,2014-01-16,2014,1,1,January,Jan,2014-01,201401,3,16,Thursday,False
20140117,2014-01-17,2014,1,1,January,Jan,2014-01,201401,3,17,Friday,False
20140118,2014-01-18,2014,1,1,January,Jan,2014-01,201401,3,18,Saturday,True
20140119,2014-01-19,2014,1,1,January,Jan,2014-01,201401,3,19,Sunday,True
20140120,2014-01-20,2014,1,1,January,Jan,2014-01,201401,4,20,Monday,False
20140121,2014-01-21,2014,1,1,January,Jan,2014-01,201401,4,21,Tuesday,False
20140122,2014-01-22,2014,1,1,January,Jan,2014-01,201401,4,22,Wednesday,False
20140123,2014-01-23,2014,1,1,January,Jan,2014-01,201401,4,23,Thursday,False
20140124,2014-01-24,2014,1,1,January,Jan,2014-01,201401,4,24,Friday,False
20140125,2014-01-25,2014,1,1,January,Jan,2014-01,201401,4,25,Saturday,True
20140126,2014-01-26,2014,1,1,January,Jan,2014-01,201401,4,26,Sunday,True
20140127,2014-01-27,2014,1,1,January,Jan,2014-01,201401,5,27,Monday,False
20140128,2014-01-28,2014,1,1,January,Jan,2014-01,201401,5,28,Tuesday,False
20140129,2014-01-29,2014,1,1,January,Jan,2014-01,201401,5,29,Wednesday,False
20140130,2014-01-30,2014,1,1,January,Jan,2014-01,201401,5,30,Thursday,False
20140131,2014-01-31,2014,1,1,January,Jan,2014-01,201401,5,31,Friday,False
20140201,2014-02-01,2014,1,2,February,Feb,2014-02,201402,5,1,Saturday,True
20140202,2014-02-02,2014,1,2,February,Feb,2014-02,201402,5,2,Sunday,True
20140203,2014-02-03,2014,1,2,February,Feb,2014-02,201402,6,3,Monday,False
20140204,2014-02-04,2014,1,2,February,Feb,2014-02,201402,6,4,Tuesday,False
20140205,2014-02-05,2014,1,2,February,Feb,2014-02,201402,6,5,Wednesday,False
20140206,2014-02-06,2014,1,2,February,Feb,2014-02,201402,6,6,Thursday,False
20140207,2014-02-07,2014,1,2,February,Feb,2014-02,201402,6,7,Friday,False
20140208,2014-02-08,2014,1,2,February,Feb,2014-02,201402,6,8,Saturday,True
20140209,2014-02-09,2014,1,2,February,Feb,2014-02,201402,6,9,Sunday,True
20140210,2014-02-10,2014,1,2,February,Feb,2014-02,201402,7,10,Monday,False
20140211,2014-02-11,2014,1,2,February,Feb,2014-02,201402,7,11,Tuesday,False
20140212,2014-02-12,2014,1,2,February,Feb,2014-02,201402,7,12,Wednesday,False
20140213,2014-02-13,2014,1,2,February,Feb,2014-02,201402,7,13,Thursday,False
20140214,2014-02-14,2014,1,2,February,Feb,2014-02,201402,7,14,Friday,False
20140215,2014-02-15,2014,1,2,February,Feb,2014-02,201402,7,15,Saturday,True
20140216,2014-02-16,2014,1,2,February,Feb,2014-02,201402,7,16,Sunday,True
20140217,2014-02-17,2014,1,2,February,Feb,2014-02,201402,8,17,Monday,False
20140218,2014-02-18,2014,1,2,February,Feb,2014-02,201402,8,18,Tuesday,False
20140219,2014-02-19,2014,1,2,February,Feb,2014-02,201402,8,19,Wednesday,False
20140220,2014-02-20,2014,1,2,February,Feb,2014-02,201402,8,20,Thursday,False
20140221,2014-02-21,2014,1,2,February,Feb,2014-02,201402,8,21,Friday,False
20140222,2014-02-22,2014,1,2,February,Feb,2014-02,201402,8,22,Saturday,True
20140223,2014-02-23,2014,1,2,February,Feb,2014-02,201402,8,23,Sunday,True
20140224,2014-02-24,2014,1,2,February,Feb,2014-02,201402,9,24,Monday,False
20140225,2014-02-25,2014,1,2,February,Feb,2014-02,201402,9,25,Tuesday,False
20140226,2014-02-26,2014,1,2,February,Feb,2014-02,201402,9,26,Wednesday,False
20140227,2014-02-27,2014,1,2,February,Feb,2014-02,201402,9,27,Thursday,False
20140228,2014-02-28,2014,1,2,February,Feb,2014-02,201402,9,28,Friday,False
20140301,2014-03-01,2014,1,3,March,Mar,2014-03,201403,9,1,Saturday,True
20140302,2014-03-02,2014,1,3,March,Mar,2014-03,201403,9,2,Sunday,True
20140303,2014-03-03,2014,1,3,March,Mar,2014-03,201403,10,3,Monday,False
20140304,2014-03-04,2014,1,3,March,Mar,2014-03,201403,10,4,Tuesday,False
20140305,2014-03-05,2014,1,3,March,Mar,2014-03,201403,10,5,Wednesday,False
20140306,2014-03-06,2014,1,3,March,Mar,2014-03,201403,10,6,Thursday,False
20140307,2014-03-07,2014,1,3,March,Mar,2014-03,201403,10,7,Friday,False
20140308,2014-03-08,2014,1,3,March,Mar,2014-03,201403,10,8,Saturday,True
20140309,2014-03-09,2014,1,3,March,Mar,2014-03,201403,10,9,Sunday,True
20140310,2014-03-10,2014,1,3,March,Mar,2014-03,201403,11,10,Monday,False
20140311,2014-03-11,2014,1,3,March,Mar,2014-03,201403,11,11,Tuesday,False
20140312,2014-03-12,2014,1,3,March,Mar,2014-03,201403,11,12,Wednesday,False
20140313,2014-03-13,2014,1,3,March,Mar,2014-03,201403,11,13,Thursday,False
20140314,2014-03-14,2014,1,3,March,Mar,2014-03,201403,11,14,Friday,False
20140315,2014-03-15,2014,1,3,March,Mar,2014-03,201403,11,15,Saturday,True
20140316,2014-03-16,2014,1,3,March,Mar,2014-03,201403,11,16,Sunday,True
20140317,2014-03-17,2014,1,3,March,Mar,2014-03,201403,12,17,Monday,False
20140318,2014-03-18,2014,1,3,March,Mar,2014-03,201403,12,18,Tuesday,False
20140319,2014-03-19,2014,1,3,March,Mar,2014-03,201403,12,19,Wednesday,False
20140320,2014-03-20,2014,1,3,March,Mar,2014-03,201403,12,20,Thursday,False
20140321,2014-03-21,2014,1,3,March,Mar,2014-03,201403,12,21,Friday,False
20140322,2014-03-22,2014,1,3,March,Mar,2014-03,201403,12,22,Saturday,True
20140323,2014-03-23,2014,1,3,March,Mar,2014-03,201403,12,23,Sunday,True
20140324,2014-03-24,2014,1,3,March,Mar,2014-03,201403,13,24,Monday,False
20140325,2014-03-25,2014,1,3,March,Mar,2014-03,201403,13,25,Tuesday,False
20140326,2014-03-26,2014,1,3,March,Mar,2014-03,201403,13,26,Wednesday,False
20140327,2014-03-27,2014,1,3,March,Mar,2014-03,201403,13,27,Thursday,False
20140328,2014-03-28,2014,1,3,March,Mar,2014-03,201403,13,28,Friday,False
20140329,2014-03-29,2014,1,3,March,Mar,2014-03,201403,13,29,Saturday,True
20140330,2014-03-30,2014,1,3,March,Mar,2014-03,201403,13,30,Sunday,True
20140331,2014-03-31,2014,1,3,March,Mar,2014-03,201403,14,31,Monday,False
20140401,2014-04-01,2014,2,4,April,Apr,2014-04,201404,14,1,Tuesday,False
20140402,2014-04-02,2014,2,4,April,Apr,2014-04,201404,14,2,Wednesday,False
20140403,2014-04-03,2014,2,4,April,Apr,2014-04,201404,14,3,Thursday,False
20140404,2014-04-04,2014,2,4,April,Apr,2014-04,201404,14,4,Friday,False
20140405,2014-04-05,2014,2,4,April,Apr,2014-04,201404,14,5,Saturday,True
20140406,2014-04-06,2014,2,4,April,Apr,2014-04,201404,14,6,Sunday,True
20140407,2014-04-07,2014,2,4,April,Apr,2014-04,201404,15,7,Monday,False
20140408,2014-04-08,2014,2,4,April,Apr,2014-04,201404,15,8,Tuesday,False
20140409,2014-04-09,2014,2,4,April,Apr,2014-04,201404,15,9,Wednesday,False
20140410,2014-04-10,2014,2,4,April,Apr,2014-04,201404,15,10,Thursday,False
20140411,2014-04-11,2014,2,4,April,Apr,2014-04,201404,15,11,Friday,False
20140412,2014-04-12,2014,2,4,April,Apr,2014-04,201404,15,12,Saturday,True
20140413,2014-04-13,2014,2,4,April,Apr,2014-04,201404,15,13,Sunday,True
20140414,2014-04-14,2014,2,4,April,Apr,2014-04,201404,16,14,Monday,False
20140415,2014-04-15,2014,2,4,April,Apr,2014-04,201404,16,15,Tuesday,False
20140416,2014-04-16,2014,2,4,April,Apr,2014-04,201404,16,16,Wednesday,False
20140417,2014-04-17,2014,2,4,April,Apr,2014-04,201404,16,17,Thursday,False
20140418,2014-04-18,2014,2,4,April,Apr,2014-04,201404,16,18,Friday,False
20140419,2014-04-19,2014,2,4,April,Apr,2014-04,201404,16,19,Saturday,True
20140420,2014-04-20,2014,2,4,April,Apr,2014-04,201404,16,20,Sunday,True
20140421,2014-04-21,2014,2,4,April,Apr,2014-04,201404,17,21,Monday,False
20140422,2014-04-22,2014,2,4,April,Apr,2014-04,201404,17,22,Tuesday,False
20140423,2014-04-23,2014,2,4,April,Apr,2014-04,201404,17,23,Wednesday,False
20140424,2014-04-24,2014,2,4,April,Apr,2014-04,201404,17,24,Thursday,False
20140425,2014-04-25,2014,2,4,April,Apr,2014-04,201404,17,25,Friday,False
20140426,2014-04-26,2014,2,4,April,Apr,2014-04,201404,17,26,Saturday,True
20140427,2014-04-27,2014,2,4,April,Apr,2014-04,201404,17,27,Sunday,True
20140428,2014-04-28,2014,2,4,April,Apr,2014-04,201404,18,28,Monday,False
20140429,2014-04-29,2014,2,4,April,Apr,2014-04,201404,18,29,Tuesday,False
20140430,2014-04-30,2014,2,4,April,Apr,2014-04,201404,18,30,Wednesday,False
20140501,2014-05-01,2014,2,5,May,May,2014-05,201405,18,1,Thursday,False
20140502,2014-05-02,2014,2,5,May,May,2014-05,201405,18,2,Friday,False
20140503,2014-05-03,2014,2,5,May,May,2014-05,201405,18,3,Saturday,True
20140504,2014-05-04,2014,2,5,May,May,2014-05,201405,18,4,Sunday,True
20140505,2014-05-05,2014,2,5,May,May,2014-05,201405,19,5,Monday,False
20140506,2014-05-06,2014,2,5,May,May,2014-05,201405,19,6,Tuesday,False
20140507,2014-05-07,2014,2,5,May,May,2014-05,201405,19,7,Wednesday,False
20140508,2014-05-08,2014,2,5,May,May,2014-05,201405,19,8,Thursday,False
20140509,2014-05-09,2014,2,5,May,May,2014-05,201405,19,9,Friday,False
20140510,2014-05-10,2014,2,5,May,May,2014-05,201405,19,10,Saturday,True
20140511,2014-05-11,2014,2,5,May,May,2014-05,201405,19,11,Sunday,True
20140512,2014-05-12,2014,2,5,May,May,2014-05,201405,20,12,Monday,False
20140513,2014-05-13,2014,2,5,May,May,2014-05,201405,20,13,Tuesday,False
20140514,2014-05-14,2014,2,5,May,May,2014-05,201405,20,14,Wednesday,False
20140515,2014-05-15,2014,2,5,May,May,2014-05,201405,20,15,Thursday,False
20140516,2014-05-16,2014,2,5,May,May,2014-05,201405,20,16,Friday,False
20140517,2014-05-17,2014,2,5,May,May,2014-05,201405,20,17,Saturday,True
20140518,2014-05-18,2014,2,5,May,May,2014-05,201405,20,18,Sunday,True
20140519,2014-05-19,2014,2,5,May,May,2014-05,201405,21,19,Monday,False
20140520,2014-05-20,2014,2,5,May,May,2014-05,201405,21,20,Tuesday,False
20140521,2014-05-21,2014,2,5,May,May,2014-05,201405,21,21,Wednesday,False
20140522,2014-05-22,2014,2,5,May,May,2014-05,201405,21,22,Thursday,False
20140523,2014-05-23,2014,2,5,May,May,2014-05,201405,21,23,Friday,False
20140524,2014-05-24,2014,2,5,May,May,2014-05,201405,21,24,Saturday,True
20140525,2014-05-25,2014,2,5,May,May,2014-05,201405,21,25,Sunday,True
20140526,2014-05-26,2014,2,5,May,May,2014-05,201405,22,26,Monday,False
20140527,2014-05-27,2014,2,5,May,May,2014-05,201405,22,27,Tuesday,False
20140528,2014-05-28,2014,2,5,May,May,2014-05,201405,22,28,Wednesday,False
20140529,2014-05-29,2014,2,5,May,May,2014-05,201405,22,29,Thursday,False
20140530,2014-05-30,2014,2,5,May,May,2014-05,201405,22,30,Friday,False
20140531,2014-05-31,2014,2,5,May,May,2014-05,201405,22,31,Saturday,True
20140601,2014-06-01,2014,2,6,June,Jun,2014-06,201406,22,1,Sunday,True
20140602,2014-06-02,2014,2,6,June,Jun,2014-06,201406,23,2,Monday,False
20140603,2014-06-03,2014,2,6,June,Jun,2014-06,201406,23,3,Tuesday,False
20140604,2014-06-04,2014,2,6,June,Jun,2014-06,201406,23,4,Wednesday,False
20140605,2014-06-05,2014,2,6,June,Jun,2014-06,201406,23,5,Thursday,False
20140606,2014-06-06,2014,2,6,June,Jun,2014-06,201406,23,6,Friday,False
20140607,2014-06-07,2014,2,6,June,Jun,2014-06,201406,23,7,Saturday,True
20140608,2014-06-08,2014,2,6,June,Jun,2014-06,201406,23,8,Sunday,True
20140609,2014-06-09,2014,2,6,June,Jun,2014-06,201406,24,9,Monday,False
20140610,2014-06-10,2014,2,6,June,Jun,2014-06,201406,24,10,Tuesday,False
20140611,2014-06-11,2014,2,6,June,Jun,2014-06,201406,24,11,Wednesday,False
20140612,2014-06-12,2014,2,6,June,Jun,2014-06,201406,24,12,Thursday,False
20140613,2014-06-13,2014,2,6,June,Jun,2014-06,201406,24,13,Friday,False
20140614,2014-06-14,2014,2,6,June,Jun,2014-06,201406,24,14,Saturday,True
20140615,2014-06-15,2014,2,6,June,Jun,2014-06,201406,24,15,Sunday,True
20140616,2014-06-16,2014,2,6,June,Jun,2014-06,201406,25,16,Monday,False
20140617,2014-06-17,2014,2,6,June,Jun,2014-06,201406,25,17,Tuesday,False
20140618,2014-06-18,2014,2,6,June,Jun,2014-06,201406,25,18,Wednesday,False
20140619,2014-06-19,2014,2,6,June,Jun,2014-06,201406,25,19,Thursday,False
20140620,2014-06-20,2014,2,6,June,Jun,2014-06,201406,25,20,Friday,False
20140621,2014-06-21,2014,2,6,June,Jun,2014-06,201406,25,21,Saturday,True
20140622,2014-06-22,2014,2,6,June,Jun,2014-06,201406,25,22,Sunday,True
20140623,2014-06-23,2014,2,6,June,Jun,2014-06,201406,26,23,Monday,False
20140624,2014-06-24,2014,2,6,June,Jun,2014-06,201406,26,24,Tuesday,False
20140625,2014-06-25,2014,2,6,June,Jun,2014-06,201406,26,25,Wednesday,False
20140626,2014-06-26,2014,2,6,June,Jun,2014-06,201406,26,26,Thursday,False
20140627,2014-06-27,2014,2,6,June,Jun,2014-06,201406,26,27,Friday,False
20140628,2014-06-28,2014,2,6,June,Jun,2014-06,201406,26,28,Saturday,True
20140629,2014-06-29,2014,2,6,June,Jun,2014-06,201406,26,29,Sunday,True
20140630,2014-06-30,2014,2,6,June,Jun,2014-06,201406,27,30,Monday,False
20140701,2014-07-01,2014,3,7,July,Jul,2014-07,201407,27,1,Tuesday,False
20140702,2014-07-02,2014,3,7,July,Jul,2014-07,201407,27,2,Wednesday,False
20140703,2014-07-03,2014,3,7,July,Jul,2014-07,201407,27,3,Thursday,False
20140704,2014-07-04,2014,3,7,July,Jul,2014-07,201407,27,4,Friday,False
20140705,2014-07-05,2014,3,7,July,Jul,2014-07,201407,27,5,Saturday,True
20140706,2014-07-06,2014,3,7,July,Jul,2014-07,201407,27,6,Sunday,True
20140707,2014-07-07,2014,3,7,July,Jul,2014-07,201407,28,7,Monday,False
20140708,2014-07-08,2014,3,7,July,Jul,2014-07,201407,28,8,Tuesday,False
20140709,2014-07-09,2014,3,7,July,Jul,2014-07,201407,28,9,Wednesday,False
20140710,2014-07-10,2014,3,7,July,Jul,2014-07,201407,28,10,Thursday,False
20140711,2014-07-11,2014,3,7,July,Jul,2014-07,201407,28,11,Friday,False
20140712,2014-07-12,2014,3,7,July,Jul,2014-07,201407,28,12,Saturday,True
20140713,2014-07-13,2014,3,7,July,Jul,2014-07,201407,28,13,Sunday,True
20140714,2014-07-14,2014,3,7,July,Jul,2014-07,201407,29,14,Monday,False
20140715,2014-07-15,2014,3,7,July,Jul,2014-07,201407,29,15,Tuesday,False
20140716,2014-07-16,2014,3,7,July,Jul,2014-07,201407,29,16,Wednesday,False
20140717,2014-07-17,2014,3,7,July,Jul,2014-07,201407,29,17,Thursday,False
20140718,2014-07-18,2014,3,7,July,Jul,2014-07,201407,29,18,Friday,False
20140719,2014-07-19,2014,3,7,July,Jul,2014-07,201407,29,19,Saturday,True
20140720,2014-07-20,2014,3,7,July,Jul,2014-07,201407,29,20,Sunday,True
20140721,2014-07-21,2014,3,7,July,Jul,2014-07,201407,30,21,Monday,False
20140722,2014-07-22,2014,3,7,July,Jul,2014-07,201407,30,22,Tuesday,False
20140723,2014-07-23,2014,3,7,July,Jul,2014-07,201407,30,23,Wednesday,False
20140724,2014-07-24,2014,3,7,July,Jul,2014-07,201407,30,24,Thursday,False
20140725,2014-07-25,2014,3,7,July,Jul,2014-07,201407,30,25,Friday,False
20140726,2014-07-26,2014,3,7,July,Jul,2014-07,201407,30,26,Saturday,True
20140727,2014-07-27,2014,3,7,July,Jul,2014-07,201407,30,27,Sunday,True
20140728,2014-07-28,2014,3,7,July,Jul,2014-07,201407,31,28,Monday,False
20140729,2014-07-29,2014,3,7,July,Jul,2014-07,201407,31,29,Tuesday,False
20140730,2014-07-30,2014,3,7,July,Jul,2014-07,201407,31,30,Wednesday,False
20140731,2014-07-31,2014,3,7,July,Jul,2014-07,201407,31,31,Thursday,False
20140801,2014-08-01,2014,3,8,August,Aug,2014-08,201408,31,1,Friday,False
20140802,2014-08-02,2014,3,8,August,Aug,2014-08,201408,31,2,Saturday,True
20140803,2014-08-03,2014,3,8,August,Aug,2014-08,201408,31,3,Sunday,True
20140804,2014-08-04,2014,3,8,August,Aug,2014-08,201408,32,4,Monday,False
20140805,2014-08-05,2014,3,8,August,Aug,2014-08,201408,32,5,Tuesday,False
20140806,2014-08-06,2014,3,8,August,Aug,2014-08,201408,32,6,Wednesday,False
20140807,2014-08-07,2014,3,8,August,Aug,2014-08,201408,32,7,Thursday,False
20140808,2014-08-08,2014,3,8,August,Aug,2014-08,201408,32,8,Friday,False
20140809,2014-08-09,2014,3,8,August,Aug,2014-08,201408,32,9,Saturday,True
20140810,2014-08-10,2014,3,8,August,Aug,2014-08,201408,32,10,Sunday,True
20140811,2014-08-11,2014,3,8,August,Aug,2014-08,201408,33,11,Monday,False
20140812,2014-08-12,2014,3,8,August,Aug,2014-08,201408,33,12,Tuesday,False
20140813,2014-08-13,2014,3,8,August,Aug,2014-08,201408,33,13,Wednesday,False
20140814,2014-08-14,2014,3,8,August,Aug,2014-08,201408,33,14,Thursday,False
20140815,2014-08-15,2014,3,8,August,Aug,2014-08,201408,33,15,Friday,False
20140816,2014-08-16,2014,3,8,August,Aug,2014-08,201408,33,16,Saturday,True
20140817,2014-08-17,2014,3,8,August,Aug,2014-08,201408,33,17,Sunday,True
20140818,2014-08-18,2014,3,8,August,Aug,2014-08,201408,34,18,Monday,False
20140819,2014-08-19,2014,3,8,August,Aug,2014-08,201408,34,19,Tuesday,False
20140820,2014-08-20,2014,3,8,August,Aug,2014-08,201408,34,20,Wednesday,False
20140821,2014-08-21,2014,3,8,August,Aug,2014-08,201408,34,21,Thursday,False
20140822,2014-08-22,2014,3,8,August,Aug,2014-08,201408,34,22,Friday,False
20140823,2014-08-23,2014,3,8,August,Aug,2014-08,201408,34,23,Saturday,True
20140824,2014-08-24,2014,3,8,August,Aug,2014-08,201408,34,24,Sunday,True
20140825,2014-08-25,2014,3,8,August,Aug,2014-08,201408,35,25,Monday,False
20140826,2014-08-26,2014,3,8,August,Aug,2014-08,201408,35,26,Tuesday,False
20140827,2014-08-27,2014,3,8,August,Aug,2014-08,201408,35,27,Wednesday,False
20140828,2014-08-28,2014,3,8,August,Aug,2014-08,201408,35,28,Thursday,False
20140829,2014-08-29,2014,3,8,August,Aug,2014-08,201408,35,29,Friday,False
20140830,2014-08-30,2014,3,8,August,Aug,2014-08,201408,35,30,Saturday,True
20140831,2014-08-31,2014,3,8,August,Aug,2014-08,201408,35,31,Sunday,True
20140901,2014-09-01,2014,3,9,September,Sep,2014-09,201409,36,1,Monday,False
20140902,2014-09-02,2014,3,9,September,Sep,2014-09,201409,36,2,Tuesday,False
20140903,2014-09-03,2014,3,9,September,Sep,2014-09,201409,36,3,Wednesday,False
20140904,2014-09-04,2014,3,9,September,Sep,2014-09,201409,36,4,Thursday,False
20140905,2014-09-05,2014,3,9,September,Sep,2014-09,201409,36,5,Friday,False
20140906,2014-09-06,2014,3,9,September,Sep,2014-09,201409,36,6,Saturday,True
20140907,2014-09-07,2014,3,9,September,Sep,2014-09,201409,36,7,Sunday,True
20140908,2014-09-08,2014,3,9,September,Sep,2014-09,201409,37,8,Monday,False
20140909,2014-09-09,2014,3,9,September,Sep,2014-09,201409,37,9,Tuesday,False
20140910,2014-09-10,2014,3,9,September,Sep,2014-09,201409,37,10,Wednesday,False
20140911,2014-09-11,2014,3,9,September,Sep,2014-09,201409,37,11,Thursday,False
20140912,2014-09-12,2014,3,9,September,Sep,2014-09,201409,37,12,Friday,False
20140913,2014-09-13,2014,3,9,September,Sep,2014-09,201409,37,13,Saturday,True
20140914,2014-09-14,2014,3,9,September,Sep,2014-09,201409,37,14,Sunday,True
20140915,2014-09-15,2014,3,9,September,Sep,2014-09,201409,38,15,Monday,False
20140916,2014-09-16,2014,3,9,September,Sep,2014-09,201409,38,16,Tuesday,False
20140917,2014-09-17,2014,3,9,September,Sep,2014-09,201409,38,17,Wednesday,False
20140918,2014-09-18,2014,3,9,September,Sep,2014-09,201409,38,18,Thursday,False
20140919,2014-09-19,2014,3,9,September,Sep,2014-09,201409,38,19,Friday,False
20140920,2014-09-20,2014,3,9,September,Sep,2014-09,201409,38,20,Saturday,True
20140921,2014-09-21,2014,3,9,September,Sep,2014-09,201409,38,21,Sunday,True
20140922,2014-09-22,2014,3,9,September,Sep,2014-09,201409,39,22,Monday,False
20140923,2014-09-23,2014,3,9,September,Sep,2014-09,201409,39,23,Tuesday,False
20140924,2014-09-24,2014,3,9,September,Sep,2014-09,201409,39,24,Wednesday,False
20140925,2014-09-25,2014,3,9,September,Sep,2014-09,201409,39,25,Thursday,False
20140926,2014-09-26,2014,3,9,September,Sep,2014-09,201409,39,26,Friday,False
20140927,2014-09-27,2014,3,9,September,Sep,2014-09,201409,39,27,Saturday,True
20140928,2014-09-28,2014,3,9,September,Sep,2014-09,201409,39,28,Sunday,True
20140929,2014-09-29,2014,3,9,September,Sep,2014-09,201409,40,29,Monday,False
20140930,2014-09-30,2014,3,9,September,Sep,2014-09,201409,40,30,Tuesday,False
20141001,2014-10-01,2014,4,10,October,Oct,2014-10,201410,40,1,Wednesday,False
20141002,2014-10-02,2014,4,10,October,Oct,2014-10,201410,40,2,Thursday,False
20141003,2014-10-03,2014,4,10,October,Oct,2014-10,201410,40,3,Friday,False
20141004,2014-10-04,2014,4,10,October,Oct,2014-10,201410,40,4,Saturday,True
20141005,2014-10-05,2014,4,10,October,Oct,2014-10,201410,40,5,Sunday,True
20141006,2014-10-06,2014,4,10,October,Oct,2014-10,201410,41,6,Monday,False
20141007,2014-10-07,2014,4,10,October,Oct,2014-10,201410,41,7,Tuesday,False
20141008,2014-10-08,2014,4,10,October,Oct,2014-10,201410,41,8,Wednesday,False
20141009,2014-10-09,2014,4,10,October,Oct,2014-10,201410,41,9,Thursday,False
20141010,2014-10-10,2014,4,10,October,Oct,2014-10,201410,41,10,Friday,False
20141011,2014-10-11,2014,4,10,October,Oct,2014-10,201410,41,11,Saturday,True
20141012,2014-10-12,2014,4,10,October,Oct,2014-10,201410,41,12,Sunday,True
20141013,2014-10-13,2014,4,10,October,Oct,2014-10,201410,42,13,Monday,False
20141014,2014-10-14,2014,4,10,October,Oct,2014-10,201410,42,14,Tuesday,False
20141015,2014-10-15,2014,4,10,October,Oct,2014-10,201410,42,15,Wednesday,False
20141016,2014-10-16,2014,4,10,October,Oct,2014-10,201410,42,16,Thursday,False
20141017,2014-10-17,2014,4,10,October,Oct,2014-10,201410,42,17,Friday,False
20141018,2014-10-18,2014,4,10,October,Oct,2014-10,201410,42,18,Saturday,True
20141019,2014-10-19,2014,4,10,October,Oct,2014-10,201410,42,19,Sunday,True
20141020,2014-10-20,2014,4,10,October,Oct,2014-10,201410,43,20,Monday,False
20141021,2014-10-21,2014,4,10,October,Oct,2014-10,201410,43,21,Tuesday,False
20141022,2014-10-22,2014,4,10,October,Oct,2014-10,201410,43,22,Wednesday,False
20141023,2014-10-23,2014,4,10,October,Oct,2014-10,201410,43,23,Thursday,False
20141024,2014-10-24,2014,4,10,October,Oct,2014-10,201410,43,24,Friday,False
20141025,2014-10-25,2014,4,10,October,Oct,2014-10,201410,43,25,Saturday,True
20141026,2014-10-26,2014,4,10,October,Oct,2014-10,201410,43,26,Sunday,True
20141027,2014-10-27,2014,4,10,October,Oct,2014-10,201410,44,27,Monday,False
20141028,2014-10-28,2014,4,10,October,Oct,2014-10,201410,44,28,Tuesday,False
20141029,2014-10-29,2014,4,10,October,Oct,2014-10,201410,44,29,Wednesday,False
20141030,2014-10-30,2014,4,10,October,Oct,2014-10,201410,44,30,Thursday,False
20141031,2014-10-31,2014,4,10,October,Oct,2014-10,201410,44,31,Friday,False
20141101,2014-11-01,2014,4,11,November,Nov,2014-11,201411,44,1,Saturday,True
20141102,2014-11-02,2014,4,11,November,Nov,2014-11,201411,44,2,Sunday,True
20141103,2014-11-03,2014,4,11,November,Nov,2014-11,201411,45,3,Monday,False
20141104,2014-11-04,2014,4,11,November,Nov,2014-11,201411,45,4,Tuesday,False
20141105,2014-11-05,2014,4,11,November,Nov,2014-11,201411,45,5,Wednesday,False
20141106,2014-11-06,2014,4,11,November,Nov,2014-11,201411,45,6,Thursday,False
20141107,2014-11-07,2014,4,11,November,Nov,2014-11,201411,45,7,Friday,False
20141108,2014-11-08,2014,4,11,November,Nov,2014-11,201411,45,8,Saturday,True
20141109,2014-11-09,2014,4,11,November,Nov,2014-11,201411,45,9,Sunday,True
20141110,2014-11-10,2014,4,11,November,Nov,2014-11,201411,46,10,Monday,False
20141111,2014-11-11,2014,4,11,November,Nov,2014-11,201411,46,11,Tuesday,False
20141112,2014-11-12,2014,4,11,November,Nov,2014-11,201411,46,12,Wednesday,False
20141113,2014-11-13,2014,4,11,November,Nov,2014-11,201411,46,13,Thursday,False
20141114,2014-11-14,2014,4,11,November,Nov,2014-11,201411,46,14,Friday,False
20141115,2014-11-15,2014,4,11,November,Nov,2014-11,201411,46,15,Saturday,True
20141116,2014-11-16,2014,4,11,November,Nov,2014-11,201411,46,16,Sunday,True
20141117,2014-11-17,2014,4,11,November,Nov,2014-11,201411,47,17,Monday,False
20141118,2014-11-18,2014,4,11,November,Nov,2014-11,201411,47,18,Tuesday,False
20141119,2014-11-19,2014,4,11,November,Nov,2014-11,201411,47,19,Wednesday,False
20141120,2014-11-20,2014,4,11,November,Nov,2014-11,201411,47,20,Thursday,False
20141121,2014-11-21,2014,4,11,November,Nov,2014-11,201411,47,21,Friday,False
20141122,2014-11-22,2014,4,11,November,Nov,2014-11,201411,47,22,Saturday,True
20141123,2014-11-23,2014,4,11,November,Nov,2014-11,201411,47,23,Sunday,True
20141124,2014-11-24,2014,4,11,November,Nov,2014-11,201411,48,24,Monday,False
20141125,2014-11-25,2014,4,11,November,Nov,2014-11,201411,48,25,Tuesday,False
20141126,2014-11-26,2014,4,11,November,Nov,2014-11,201411,48,26,Wednesday,False
20141127,2014-11-27,2014,4,11,November,Nov,2014-11,201411,48,27,Thursday,False
20141128,2014-11-28,2014,4,11,November,Nov,2014-11,201411,48,28,Friday,False
20141129,2014-11-29,2014,4,11,November,Nov,2014-11,201411,48,29,Saturday,True
20141130,2014-11-30,2014,4,11,November,Nov,2014-11,201411,48,30,Sunday,True
20141201,2014-12-01,2014,4,12,December,Dec,2014-12,201412,49,1,Monday,False
20141202,2014-12-02,2014,4,12,December,Dec,2014-12,201412,49,2,Tuesday,False
20141203,2014-12-03,2014,4,12,December,Dec,2014-12,201412,49,3,Wednesday,False
20141204,2014-12-04,2014,4,12,December,Dec,2014-12,201412,49,4,Thursday,False
20141205,2014-12-05,2014,4,12,December,Dec,2014-12,201412,49,5,Friday,False
20141206,2014-12-06,2014,4,12,December,Dec,2014-12,201412,49,6,Saturday,True
20141207,2014-12-07,2014,4,12,December,Dec,2014-12,201412,49,7,Sunday,True
20141208,2014-12-08,2014,4,12,December,Dec,2014-12,201412,50,8,Monday,False
20141209,2014-12-09,2014,4,12,December,Dec,2014-12,201412,50,9,Tuesday,False
20141210,2014-12-10,2014,4,12,December,Dec,2014-12,201412,50,10,Wednesday,False
20141211,2014-12-11,2014,4,12,December,Dec,2014-12,201412,50,11,Thursday,False
20141212,2014-12-12,2014,4,12,December,Dec,2014-12,201412,50,12,Friday,False
20141213,2014-12-13,2014,4,12,December,Dec,2014-12,201412,50,13,Saturday,True
20141214,2014-12-14,2014,4,12,December,Dec,2014-12,201412,50,14,Sunday,True
20141215,2014-12-15,2014,4,12,December,Dec,2014-12,201412,51,15,Monday,False
20141216,2014-12-16,2014,4,12,December,Dec,2014-12,201412,51,16,Tuesday,False
20141217,2014-12-17,2014,4,12,December,Dec,2014-12,201412,51,17,Wednesday,False
20141218,2014-12-18,2014,4,12,December,Dec,2014-12,201412,51,18,Thursday,False
20141219,2014-12-19,2014,4,12,December,Dec,2014-12,201412,51,19,Friday,False
20141220,2014-12-20,2014,4,12,December,Dec,2014-12,201412,51,20,Saturday,True
20141221,2014-12-21,2014,4,12,December,Dec,2014-12,201412,51,21,Sunday,True
20141222,2014-12-22,2014,4,12,December,Dec,2014-12,201412,52,22,Monday,False
20141223,2014-12-23,2014,4,12,December,Dec,2014-12,201412,52,23,Tuesday,False
20141224,2014-12-24,2014,4,12,December,Dec,2014-12,201412,52,24,Wednesday,False
20141225,2014-12-25,2014,4,12,December,Dec,2014-12,201412,52,25,Thursday,False
20141226,2014-12-26,2014,4,12,December,Dec,2014-12,201412,52,26,Friday,False
20141227,2014-12-27,2014,4,12,December,Dec,2014-12,201412,52,27,Saturday,True
20141228,2014-12-28,2014,4,12,December,Dec,2014-12,201412,52,28,Sunday,True
20141229,2014-12-29,2014,4,12,December,Dec,2014-12,201412,1,29,Monday,False
20141230,2014-12-30,2014,4,12,December,Dec,2014-12,201412,1,30,Tuesday,False
20141231,2014-12-31,2014,4,12,December,Dec,2014-12,201412,1,31,Wednesday,False
20150101,2015-01-01,2015,1,1,January,Jan,2015-01,201501,1,1,Thursday,False
20150102,2015-01-02,2015,1,1,January,Jan,2015-01,201501,1,2,Friday,False
20150103,2015-01-03,2015,1,1,January,Jan,2015-01,201501,1,3,Saturday,True
20150104,2015-01-04,2015,1,1,January,Jan,2015-01,201501,1,4,Sunday,True
20150105,2015-01-05,2015,1,1,January,Jan,2015-01,201501,2,5,Monday,False
20150106,2015-01-06,2015,1,1,January,Jan,2015-01,201501,2,6,Tuesday,False
20150107,2015-01-07,2015,1,1,January,Jan,2015-01,201501,2,7,Wednesday,False
